Object ID,Address,Cross Street,Site Detail,Space Length,Street Side,Curb Quality,Meter Post ID,Last Edited Date,Geom
1,318 FRONT ST,Clay,SE corner of intersection,0,E, ,422-03180,04/13/2011 12:00:00 AM +0000,"(37.7949186465, -122.399022918)"
2,220 VAN NESS AVE,Lech Walesa,NE corner of intersection,0,E, ,701-02200,04/13/2011 12:00:00 AM +0000,"(37.7779018431, -122.419657415)"
3,355 MAIN ST,Harrison,N side of intersection,0,NE, ,561-03550,04/13/2011 12:00:00 AM +0000,"(37.7883453457, -122.390439316)"
4,447 MCALLISTER ST,Van Ness,SE corner of intersection,0,S, ,563-04470,04/10/2011 12:00:00 AM +0000,"(37.7800294441, -122.419719716)"
5,1502 SCOTT ST,Geary,NE corner of intersection,0,E, ,652-15020,09/01/2011 12:00:00 AM +0000,"(37.7839974728, -122.437848794)"
6,213 THE EMBARCADERO,Washington,NE corner of intersection,0,E, ,830-02130,04/13/2011 12:00:00 AM +0000,"(37.7971592531, -122.395507034)"
7,2614 JONES ST,Bay,NE corner of intersection,0,E, ,502-26140,08/09/2011 12:00:00 AM +0000,"(37.8056429442, -122.416921319)"
8,2141 POST ST,Scott,SE corner of intersection,0,S, ,614-21410,08/31/2011 12:00:00 AM +0000,"(37.7844901471, -122.437863921)"
9,316 FRONT ST,Clay,SE corner of intersection,0,E, ,422-03160,04/13/2011 12:00:00 AM +0000,"(37.7948740489, -122.399013815)"
10,940 GENEVA AVE,London,SW side of intersection,0,S, ,441-09400,07/19/2011 12:00:00 AM +0000,"(37.7159592447, -122.440343748)"
11,108 STEUART ST,Mission,S side of intersection,0,SW, ,665-01080,04/13/2011 12:00:00 AM +0000,"(37.7930375463, -122.393081813)"
12,331 POLK ST,Mcallister,SW corner of intersection,0,W, ,612-03310,04/10/2011 12:00:00 AM +0000,"(37.7800352448, -122.418677414)"
13,415 VAN NESS AVE,Mcallister,SW corner of intersection,0,W, ,701-04150,04/13/2011 12:00:00 AM +0000,"(37.7799548705, -122.420447472)"
14,47 MISSION ST,Spear,NE side of intersection,0,SE, ,568-00470,04/13/2011 12:00:00 AM +0000,"(37.792674347, -122.393773214)"
16,1615 STEINER ST,Post,SW corner of intersection,0,W, ,663-16150,09/01/2011 12:00:00 AM +0000,"(37.7847426545, -122.434766391)"
17,3626 Balboa St,37th Ave,114' to 136' east of 38th Ave,22,N,poor, ,,"(37.7757792377, -122.497549771)"
18,1299 Battery St,Greenwich,south of Greenwich 1 parking place,22,E, , ,,"(37.8030514548, -122.402035734)"
19,999 Battery St,Green,5' to 23' south of Green,18,W,good, ,06/30/1995 12:00:00 AM +0000,"(37.8003164575, -122.401493396)"
20,618 Beach St,Columbus,4' to 28' east of the west crosswalk,24,N, , ,,"(37.8068228599, -122.419724108)"
21,890 Beach St,Polk,18' to 68' east of the cross walk at Polk,50,N, , ,,"(37.8063042229, -122.423715835)"
22,200 Beale St,Howard,From Howard to 38' south,38,W,good, ,,"(37.7897579902, -122.394228099)"
23,2 Belvedere St,Haight,4' to 22' south of Haight,18,W,good, ,01/21/1997 12:00:00 AM +0000,"(37.7696273936, -122.449504236)"
24,185 Berry Street,3rd St,129' to 157' west of 3rd St,28,S, , ,08/21/1995 12:00:00 AM +0000,"(37.7762280181, -122.392671309)"
25,185 Berry Street,4th St,184' to 215' east of 4th St,31,S, , ,08/21/1995 12:00:00 AM +0000,"(37.776168489, -122.392746782)"
26,199 Beverly St,Garfield,8' to 30' south of Garfield,22,W,good, ,,"(37.7195196875, -122.471719201)"
27,2 Blake St,Geary,0' to 18' north of Geary,18,E,good, ,04/16/1996 12:00:00 AM +0000,"(37.7822292745, -122.451127113)"
28,902 Brannan St,8th St,11' to 33' west of 8th St,22,N, , ,,"(37.7712321655, -122.40567929)"
29,899 Brannan St,8th St,0' to 18' east of 8th St,18,S,good, ,05/30/1996 12:00:00 AM +0000,"(37.7713686073, -122.405214885)"
30,2222 Broadway,Fillmore,111'-163' east of Fillmore,52,N, , ,,"(37.7944659012, -122.434109381)"
31,1600 Bryant St,15th St,7' to 27' south of 15th St,20,W, , ,,"(37.7667441235, -122.410694163)"
33,870 Bryant St,Harriet,267-303' west of Harriet,36,N, , ,,"(37.7750050542, -122.404018227)"
34,850 Bryant St,Harriet,0-44' east of Harriet,44,N,good, ,01/07/1996 12:00:00 AM +0000,"(37.7750431536, -122.403969929)"
35,100 Buchanan St,Hermann,15' to 33' north of Hermann,18,E,good, ,01/23/1998 12:00:00 AM +0000,"(37.7708456061, -122.426762643)"
36,2699 Bush St,Broderick,Broderick to 18' east,18,S, , ,,"(37.7859276187, -122.441560916)"
37,2599 Bush St,Divisadero, ,18,S,, ,,"(37.7861449448, -122.439852626)"
38,3355 19th Ave, ,53' to 97' north of the south property line,44,W, , ,,"(37.7282078132, -122.47505853)"
39,3199 22nd St,Mission,10' to 55' east of Mission,45,S,poor, ,04/14/1992 12:00:00 AM +0000,"(37.7554016923, -122.418513323)"
433, , , ,0, , , ,,"(37.7861180355, -122.433491146)"
40,1801 30th Ave,Noriega,From Noriega St to 20' south,20,S, , ,06/27/1994 12:00:00 AM +0000,"(37.7535412482, -122.48834239)"
41,8th St,Irwin,5' to 23' north of Irwin,18,E,good, ,,"(37.7668164206, -122.399696994)"
42,2850 19th Ave,Wawona,41' to 63' south of north property line,22,E,good, ,,"(37.7355205033, -122.475035714)"
43,3600 23rd Ave,Guerrero,9-27'west of Guerrero,18,N, , ,04/30/1994 12:00:00 AM +0000,"(37.7536087505, -122.423252323)"
44,1199 Arguello Blvd,Frederick,7' to 33' south of driveway into Kezar Stadium,26, , , ,,"(37.7666774499, -122.457853364)"
45,815 Buena Vista Av West, ,From east of white zone 22' west,22, , , ,,"(37.7690573759, -122.443035341)"
46,Buena Vista West,Waller,0' to 9' north of driveway,9,E,good, ,12/01/1997 12:00:00 AM +0000,"(37.7697658398, -122.442792362)"
47,2 California St,Drumm,15' to 36' west of Drumm,21,N,good, ,03/19/1996 12:00:00 AM +0000,"(37.7937072509, -122.396703264)"
48,2 Franklin St,Page,15' to 33' north of Page,18,E,good, ,06/30/1995 12:00:00 AM +0000,"(37.7744631586, -122.420727072)"
49,1500 Geary Blvd,Laguna,0-22' west of Laguna,22,N, , ,12/19/1994 12:00:00 AM +0000,"(37.7851137595, -122.428210787)"
50,2599 Golden Gate Av,Parker,16' to 37' east of Parker,21,S,good, ,03/02/1996 12:00:00 AM +0000,"(37.7768584817, -122.452691374)"
51,349 Mason St,Geary,10' to 28' south of Geary,18,W,good, ,08/21/1996 12:00:00 AM +0000,"(37.786994616, -122.409923739)"
52,258 Noe Street,Beaver,19'-37' south of Beaver,18,W, , ,06/27/1994 12:00:00 AM +0000,"(37.7648811766, -122.433251357)"
54,60 Palace Dr,Lyon,Angled Parking at west entrance,24, , , ,,"(37.802611132, -122.449472562)"
55,50 Palace Dr,Lyon,Right angle parking at north entrance,24, , , ,,"(37.8026813811, -122.449495569)"
56,389 Parnassus Av,Arguello,2' to 44' east of the driveway,42, , , ,,"(37.7635618296, -122.457335351)"
57,1060 Point Lobos Av,Near Cliffhouse,2 diag zones frm north crnr of 1060PtLobos 20'sout,20, ,good, ,,"(37.7785224969, -122.513742945)"
58,1096 Point Lobos Av,Near Cliffhouse,5' to 24' north of the driveway,19, ,good, ,,"(37.7768966993, -122.512318943)"
59,77 Post St,Kearny,10' to 32' east of Kearny,22,S, , ,,"(37.7888718662, -122.40345604)"
60,south of Market,Market,19 to 31 south of Market,12,E, , ,,"(37.7937152893, -122.395413316)"
61,16 Taylor St,Golden Gate,15' to 49' north of Golden Gate,34,E, , ,,"(37.7824594108, -122.410541439)"
62,50 Herbst Rd,Skyline,10' diag space north of the south entrance of zoo,40,W, , ,,"(37.7306971461, -122.501414429)"
65,5815 3rd St,Carroll,75' south of the north propertyline to 97',22,E,poor, ,,"(37.7253683765, -122.394131281)"
66,5075 3rd St,Revere,12' to 34' north of Revere,22,E,good, ,02/29/1996 12:00:00 AM +0000,"(37.732591988, -122.391342595)"
67,360 4th St,Clara,27' to 93' north of Clara,66,W, , ,,"(37.7812534492, -122.400357439)"
68,301 5th Ave,Clement,10' to 32' south of Clement,22,W,good, ,08/08/1996 12:00:00 AM +0000,"(37.7828341488, -122.46342202)"
69,110 5th St,Mission,0 to 21' south of Mission,21,W, , ,,"(37.7825640618, -122.406401247)"
70,461 6th Ave,Anza,252' to 272' north of Anza,20,W,good, ,04/12/1992 12:00:00 AM +0000,"(37.7798502903, -122.464282204)"
72,398 7th Ave,Geary,0' to 18' north of Geary,18,E,good, ,04/17/1996 12:00:00 AM +0000,"(37.781205061, -122.46531394)"
73,298 7th Ave,Clement,4' to 22' north of Clement,18,E,good, ,08/04/1996 12:00:00 AM +0000,"(37.7830705281, -122.465448287)"
74,555 7th St,Brannan,north of Brannan,22,E, , ,11/13/1994 12:00:00 AM +0000,"(37.7740122645, -122.404269034)"
75,499 7th St,Harrison,10' to 28' north of Harrison,18,E,good, ,09/12/1995 12:00:00 AM +0000,"(37.7758657033, -122.406588475)"
76,1331 8th Ave,Irving,off-street public parking lot,20,W, , ,01/31/1994 12:00:00 AM +0000,"(37.7635887456, -122.465352988)"
77,1298 8th Ave,Irving,6' to 24' north of Irving,18,E,good, ,04/17/1996 12:00:00 AM +0000,"(37.7642776969, -122.46520202)"
78,1 8th St,Market,0' to 20' south of Market,20,E,good, ,04/09/1992 12:00:00 AM +0000,"(37.7788849328, -122.415210037)"
79,160 8th St,Natoma,0' to 22' south of Natoma,22,W,good, ,06/30/1995 12:00:00 AM +0000,"(37.7765343916, -122.41216413)"
80,500 8th St,Bryant,0' to 18' south of Bryant,18,W,good, ,08/14/1995 12:00:00 AM +0000,"(37.7723071652, -122.406979796)"
81,30 8th St,Stevenson,2' to 20' south of Stevenson,18,W,good, ,07/17/1996 12:00:00 AM +0000,"(37.7781142225, -122.414144538)"
82,1330 9th Ave,Irving,off-street public parking lot,20,E, , ,01/31/1994 12:00:00 AM +0000,"(37.7635721684, -122.466114823)"
83,1301 10th Ave,Irving,6' to 26' south of Irving,20,W,good, ,07/23/1996 12:00:00 AM +0000,"(37.7638715798, -122.467457136)"
85,4 10th St,Market,7' to 35' south of Market,28,W,good, ,04/24/1995 12:00:00 AM +0000,"(37.7763818358, -122.417453052)"
86,301 11th Ave,Clement,10' to 32' south of Clement,22,W,good, ,08/08/1996 12:00:00 AM +0000,"(37.7825920019, -122.469849468)"
87,301 14th Ave,Clement,0-18' south of Clement Street,18,W, , ,02/28/1994 12:00:00 AM +0000,"(37.7825052823, -122.473115097)"
88,2801 14th Avenue,West Portal,10-30' east of West Portal,0, , , ,04/30/1994 12:00:00 AM +0000,"(37.7378199324, -122.468935675)"
89,699 14th St,Market,9' to 31' east of Market,22,S,good, ,06/27/1994 12:00:00 AM +0000,"(37.7677172624, -122.428301712)"
90,1656 15th St,Julian,15' to 37' west of Julian,22,N,good, ,,"(37.766637166, -122.421298584)"
91,777 Stockton St,Sacramento,6' to 47' south of Sacramento (enacted 1/6/2015),41,W, , ,,"(37.793033752, -122.407788842)"
92,270 6th St,Folsom,110' to 141' north of Folsom,31,W,good, ,04/08/1992 12:00:00 AM +0000,"(37.7787749557, -122.406112315)"
93,3351 16th St,Landers,176' to 196' west of Dolores,20,S,good, ,,"(37.7645222287, -122.427379733)"
94,3104 16th St,Valencia,5' to 25' west of Valencia,20,N, , ,,"(37.7649762817, -122.422146223)"
95,Vicente,17th Ave,172' to 196' north of Vicente on 17th Ave - diagon,24,N, , ,,"(37.7394796913, -122.473559547)"
96,382 18th Ave,Geary,76' to 101' north of Geary,25,E,poor, ,04/14/1992 12:00:00 AM +0000,"(37.7806982191, -122.4771973)"
97,4200 18th St,Collingwood,9' to 32' west of Collingwood,23,N,good, ,04/20/1992 12:00:00 AM +0000,"(37.7608715148, -122.43631732)"
98,4052 18th St,Hartford,4' to 22' west of Hartford,18,N,good, ,04/20/1992 12:00:00 AM +0000,"(37.7610052963, -122.434081831)"
99,3545 18th St,Linda,0-18' east of Linda Street,18,S,good, ,12/19/1994 12:00:00 AM +0000,"(37.7615750508, -122.422859326)"
100,990 Hyde Street,Pine,40' south of Pine St.-in parking bay,10,E, , ,09/08/1994 12:00:00 AM +0000,"(37.7898624763, -122.417066328)"
101,3101 19th Ave,Eucalyptus,60' to 82' south of Eucalyptus,22,W,good, ,,"(37.7308759783, -122.474994629)"
102,3699 19th Ave,Holloway,129' within Parking Bay,129,W, , ,,"(37.7214218384, -122.47546457)"
103,4735 19th St,Diamond,9-27' east of Diamond,18,S, , ,,"(37.7591505894, -122.436434777)"
104,3699 19th St,Dolores,20' to 42' east of Dolores,22,S,fair, ,04/20/1992 12:00:00 AM +0000,"(37.7598101531, -122.425562663)"
105,3400 19th St,Mission,west of Mission,0,N,good, ,02/02/1995 12:00:00 AM +0000,"(37.7602710768, -122.419484878)"
106,398 20th Ave,Geary,5' to 25' north of Geary,20,E,good, ,06/06/1996 12:00:00 AM +0000,"(37.78059534, -122.479338351)"
107,3000 21st St,Folsom,11' to 29' west of Folsom,18,N,good, ,07/06/1998 12:00:00 AM +0000,"(37.7573388753, -122.414729839)"
108,1300 22nd Ave,Irving,5' to 25' south of Irving,20,E, , ,,"(37.7632858858, -122.480284623)"
109,2098 22nd Ave,Quintara,north of Quintara,20,E, , ,11/13/1994 12:00:00 AM +0000,"(37.748677486, -122.479251597)"
110,3100 22nd St,Capp,6' to 24' west of S. Van Ness,18,N,good, ,03/25/1996 12:00:00 AM +0000,"(37.7556160044, -122.416782297)"
111,3300 22nd St,Valencia,16.5' to 34.5' west of Valencia,18,N,good, ,11/01/1996 12:00:00 AM +0000,"(37.7552675622, -122.420742155)"
112,1298 23rd Ave,Irving,5' to 23' north of Irving,18,E,good, ,07/23/1996 12:00:00 AM +0000,"(37.7635457125, -122.481364513)"
113,1351 24th Ave,Judah,17' to 39' north of the south property line,22,W, , ,,"(37.7622563967, -122.482489767)"
114,3359 24th St,Bartlett,6' to 26' west of Bartlett,20,S,good, ,04/08/1992 12:00:00 AM +0000,"(37.7520870787, -122.419963872)"
115,3997 24th St,Noe,1' west of Noe to 18' east of Noe,19,S,poor, ,04/08/1992 12:00:00 AM +0000,"(37.7513892776, -122.431684582)"
116,3902 24th St,Sanchez,9' to 28' west of Sanchez,19,N,good, ,04/08/1992 12:00:00 AM +0000,"(37.7516068609, -122.42990262)"
117,3301 24th St,Mission,10' to 34' east of Mission,24,S,good, ,06/27/1994 12:00:00 AM +0000,"(37.7521946703, -122.418205381)"
118,750 26th Ave,Cabrillo,From south property line 22' north,22,E, , ,,"(37.7753124716, -122.485355814)"
119,1750 29th Ave,Noriega,7' to 33' south of the north property line,26,E,good, ,10/22/1995 12:00:00 AM +0000,"(37.7546942093, -122.487140502)"
120,225 30th St,Dolores,35' to 55' west of the east property line,20,S,good, ,,"(37.7420975457, -122.425027442)"
121,2001 37th Ave,Pacheco,2' north to 30' south of the south side of chapel,32,W, , ,,"(37.7484855379, -122.495517528)"
122,749 Arkansas St,Madera,33' to 51' north of Madera,18,E,good, ,03/01/1998 12:00:00 AM +0000,"(37.75609546, -122.397809578)"
123,99 California St,Davis,5' to 24' east of Davis,19,S, , ,,"(37.7934635314, -122.397412146)"
124,204 California St,Front,5' to 27' west of Front,22,N, , ,,"(37.7934105361, -122.399019501)"
126,3750 California St,Cherry,0' to 20' east of Cherry,20,N,good, ,04/08/1992 12:00:00 AM +0000,"(37.7860942446, -122.45659196)"
127,3838 California St,Cherry,120' to 142' west of Cherry,22,N,good, ,04/08/1992 12:00:00 AM +0000,"(37.78603365, -122.457231918)"
128,102 California St,Davis,9' to 27' west of Davis,18,N,good, ,03/19/1996 12:00:00 AM +0000,"(37.7935625611, -122.397837008)"
129,1100 California St,Taylor,5' to 27' west of Taylor,22,N,good, ,05/18/1997 12:00:00 AM +0000,"(37.7916899387, -122.412662339)"
130,1177 California St,Jones,0' to 18' east of Jones,18,S,good, ,03/30/1998 12:00:00 AM +0000,"(37.7913612383, -122.413934591)"
131,810 Capp St,23rd St,99' to 121' south of 23rd St,22,W,poor, ,04/08/1992 12:00:00 AM +0000,"(37.7536561631, -122.417564561)"
132,99 Capp St,16th St,0' to 18' north of 16th St,18,E,good, ,03/31/1996 12:00:00 AM +0000,"(37.7653058323, -122.418537083)"
133,1000 Cayuga Av,Balhi,From the northside of exsting white zone 25' north,25, , , ,,"(37.7215131021, -122.440204331)"
134,1800 Chestnut,Buchanan,11' to 29' west of Buchanan,18,N,good, ,03/17/1996 12:00:00 AM +0000,"(37.8013086777, -122.432913112)"
135,1200 Church St,24th St,10 to 34' east of Mission,20,W,good, ,06/27/1994 12:00:00 AM +0000,"(37.7515527073, -122.427521986)"
136,521 Clay St,Sansome,6' to 28' east of Liedesdorff,22,S, , ,,"(37.7946958935, -122.402234927)"
137,554 Clayton St,Haight,12' to 30' north of Haight,18,E, , ,,"(37.7699477395, -122.448553517)"
138,2321 Clement St,24th Ave,81' to 103' west of 24th Ave,22,N,poor, ,04/16/1992 12:00:00 AM +0000,"(37.7821323557, -122.484047845)"
140,726 Clement St,9th Ave,12' to 30' east of 9th Ave,18,N,poor, ,04/16/1992 12:00:00 AM +0000,"(37.7828852057, -122.467520182)"
141,698 Columbus Ave,Filbert,19' to 37' south of Filbert,18,E,good, ,12/25/1995 12:00:00 AM +0000,"(37.8010244476, -122.41106668)"
142,704 Lake Merced Blvd,South State,15' to 37' west of South State Drive,22, , , ,,"(37.725089659, -122.484476149)"
143,200 Larkin St,Fulton,8' to 29' north of Fulton,21,E,good, ,05/25/1992 12:00:00 AM +0000,"(37.7797494138, -122.4166168)"
144,140 Larkin St,Grove,143' to 177' north of Grove,34,E,good, ,04/16/1996 12:00:00 AM +0000,"(37.7792382781, -122.416606166)"
145,10 Larkin St,Hayes,24' to 46' north of Hayes,22,E,good, ,04/09/1997 12:00:00 AM +0000,"(37.7778839705, -122.416365808)"
146,2800 Leavenworth St,Beach,112' to 134' south of north building line,22,E, , ,,"(37.807412887, -122.418965115)"
147,102 Leavenworth St,Golden Gate,5' to 27' north of Golden Gate,22,E,good, ,02/12/1996 12:00:00 AM +0000,"(37.7820497929, -122.413838822)"
148,422 Leland Av,Elliot,7' to 34' west of the east property line,27, , , ,,"(37.7138877299, -122.412166534)"
149,45 Leland Av,Desmond,7' to 27' east of Desmond,20,S,good, ,03/02/1996 12:00:00 AM +0000,"(37.7115033294, -122.404669989)"
150,798 Lincoln Way,9th Ave,10' to 32' east of 9th Ave,22, , , ,,"(37.7660290759, -122.46625581)"
152,407 Mason St,Geary,5'-26' south of Derby,21,W, , ,,"(37.787343963, -122.409990189)"
153,599 Mason St,Sutter,14' to 32' south of Sutter,18,W, , ,,"(37.7888509588, -122.41028974)"
154,599 McAllister St,Franklin,55' to 80' east of Franklin,25,S,good, ,04/08/1992 12:00:00 AM +0000,"(37.7798555011, -122.421724123)"
155,499 McAllister St,Van Ness,86' to 100' east of Van Ness (1 diagonal space),14,S,good, ,04/08/1992 12:00:00 AM +0000,"(37.7802508745, -122.420458851)"
156,154 McAllister St,Hyde,98' to 120' east of Hyde,22,N,good, ,05/25/1992 12:00:00 AM +0000,"(37.7808438545, -122.414897046)"
157,80 McAllister St,7th St. North,4' to 23' west of 7th Street North,19,N,good, ,06/02/1997 12:00:00 AM +0000,"(37.7810784586, -122.413041775)"
158,102 McAllister St,Leavenworth,0' to 20' west of Leavenworth,20,N,good, ,06/02/1997 12:00:00 AM +0000,"(37.7809703219, -122.413876679)"
159,402 Merchant St,Battery,Battery to 20' west,20,N, , ,,"(37.7954603043, -122.400605555)"
160,502 Minna St,6th St,0' to 18' west of 6th St,18,N,good, ,07/04/1996 12:00:00 AM +0000,"(37.7804327707, -122.408363465)"
161,80 Miramar Av,Grafton,7' to 27' north of south property line,22, , , ,,"(37.7196680218, -122.458066699)"
162,3120 Mission St,Army,4' to 48' south of north property line,44,W, , ,,"(37.747693519, -122.418654566)"
163,1825 Mission St,14th St,101' to 122' south of 14th St,21,E,poor, ,04/14/1992 12:00:00 AM +0000,"(37.7679657508, -122.419870783)"
164,5020 Mission St,Seneca,15' to 33' south of Seneca,18,W,good, ,09/24/1996 12:00:00 AM +0000,"(37.7175761015, -122.440309061)"
165,4402 Mission St,Cotter,14' to 34' south of Cotter,20,W,good, ,04/20/1998 12:00:00 AM +0000,"(37.7270949612, -122.433109173)"
166,1790 Montgomery St,Francisco,From north property line 22' south,22,E, , ,,"(37.8057386328, -122.405431277)"
167,799 Moscow Street,Italy,0-26' north of Italy ?,0, , , ,04/30/1994 12:00:00 AM +0000,"(37.7150564225, -122.432263598)"
168,402 Moultrie,Cortland,0' to 18' south of Cortland,18,W,good, ,02/04/1998 12:00:00 AM +0000,"(37.7388768738, -122.415860264)"
169,Newhall,Williams,10' to 28' south of Williams,18,W,good, ,05/07/1997 12:00:00 AM +0000,"(37.7298340072, -122.397608028)"
170,6 Oak St,Van Ness,17' to 42' west of Van Ness - diagonal,25,N,good, ,05/25/1992 12:00:00 AM +0000,"(37.7754702419, -122.419649455)"
171,695 Jackson St,Grant,4 to 23' east of Grant,19,S, , ,,"(37.7960059446, -122.406521369)"
172,302 Larkin St,McAllister,8' to 26' north of McAllister,18,E,good, ,08/08/1996 12:00:00 AM +0000,"(37.7807030019, -122.41692961)"
173,1490 Mason St,Broadway,0' to 19' north of south frontage road of Broadway,19,E,good, ,10/06/1997 12:00:00 AM +0000,"(37.7971199143, -122.411818525)"
174,1345 Ocean Av,Plymouth,55' to 77' east of west property line,22,S, , ,,"(37.7239641137, -122.456952643)"
175,2729 Octavia Street,Union,4' to 25' south of Union,20,W, , ,06/27/1994 12:00:00 AM +0000,"(37.7977720742, -122.428963141)"
176,150 Otis St,Mission,From the north property line 44' north,44, , , ,,"(37.7711201606, -122.420375778)"
177,70 Otis St,Brady,5' to 25' west of Brady Street,20,N,good, ,05/29/1996 12:00:00 AM +0000,"(37.7722986536, -122.419850057)"
178,1900 Pacific Avenue,Gough,6 to 24' west of Gough Street,18,N, , ,,"(37.7944302945, -122.426731495)"
179,875 Pacific Av,Trenton,From Trenton Street to 18' west,18,S, , ,,"(37.7965509609, -122.409355)"
180,500 Cortland,Andover,6' to 26' east of Andover,20,S,good, ,02/28/1996 12:00:00 AM +0000,"(37.7389877185, -122.416288289)"
181,55 Cyril Magnin St,Ellis,1' to 21' south of Ellis,20,W, , ,,"(37.7852814262, -122.408736914)"
182,599 Davis St,Jackson,252' to 270' north of Jackson,18,W,good, ,05/08/1997 12:00:00 AM +0000,"(37.7978523967, -122.398579857)"
183,118 Diamond St,18th St,7-25' south of 18th St,18,W, , ,,"(37.7606108458, -122.437248354)"
184,5157 Diamond Heights Blvd,Duncan/Carnelia,From the east property line to 65' east,65,N,good, ,,"(37.7465798249, -122.44004557)"
185,1234 Divisadero St,Eddy,16' to 38' north of south property line,22,E, , ,,"(37.7809380121, -122.438899114)"
186,509 Divisadero St,Fell,96' to 120' north of Fell,24,W,good, ,04/12/1992 12:00:00 AM +0000,"(37.774286599, -122.437558146)"
187,800 Divisadero St,Fulton,3' to 21' north of Fulton,18,E,good, ,04/22/1998 12:00:00 AM +0000,"(37.7770274615, -122.438116926)"
188,324 Divisadero St,Page,91' to 111' north of Page,20,E,poor, ,04/12/1992 12:00:00 AM +0000,"(37.7726189377, -122.437218939)"
189,500 Dolores St,18th St,0' to 25' south of 18th St,25,W,poor, ,04/20/1992 12:00:00 AM +0000,"(37.7612922514, -122.426208245)"
190,2 Dorado St,Ocean,0' to 24' north of Ocean,24,E,good, ,04/03/1997 12:00:00 AM +0000,"(37.7251012796, -122.461078413)"
191,99 Dorland St,Dolores,0' to 18' east of Dolores,18,S,good, ,10/10/1996 12:00:00 AM +0000,"(37.7621890128, -122.425852644)"
192,750 Douglass St,Elizabeth,11'-29' south of Elizabeth,18,W, , ,02/28/1994 12:00:00 AM +0000,"(37.7516824759, -122.438612552)"
193,106 Drumm St,Sacramento,11' to 33' north of Sacramento,22,E, , ,,"(37.7947305625, -122.396489637)"
194,151 Drumm St,Sacramento,89' to 107' north of Sacramento,18,W,good, ,02/08/1996 12:00:00 AM +0000,"(37.7949186544, -122.396780238)"
195,799 Duboce Ave,Castro,18' to 36' east of Castro,18,S,good, ,07/04/1996 12:00:00 AM +0000,"(37.7689976612, -122.43550822)"
196,89 Hyde Street,Golden Gate,7-27' south of Golden Gate,20,W, , ,01/14/1995 12:00:00 AM +0000,"(37.7814910324, -122.41556322)"
197,600 Ellis St,Hyde,10' to 36' west of Hyde,26,N, , ,08/28/1995 12:00:00 AM +0000,"(37.7844875299, -122.416323286)"
198,310 Elm St,Franklin,17' to 61' west of Franklin,44,N, , ,,"(37.7812977536, -122.422378804)"
199,225 Eucalyptus Dr,19th Ave/20th,From east end of white 22' east,22, ,good, ,,"(37.7309988445, -122.475454511)"
200,2 Felton St,San Bruno,5' to 24' west of San Bruno,19,N,good, ,11/12/1997 12:00:00 AM +0000,"(37.730043416, -122.404822223)"
201,1528 Fillmore St,O'Farrell,100' to 144' north of O'Farrell,44,E,good, ,04/08/1992 12:00:00 AM +0000,"(37.783477841, -122.432687977)"
202,926 Fillmore St,Fulton,11' to 33' north of Fulton,22,E,good, ,04/12/1992 12:00:00 AM +0000,"(37.7779766171, -122.431564426)"
203,1340 Golden Gate Ave,Golden Gate,11 to 34' south of Golden Gate,23,W, , ,11/13/1994 12:00:00 AM +0000,"(37.7794867481, -122.432079137)"
204,1899 Fillmore St,Bush,12' to 34' south of Bush,22,W,good, ,03/15/1995 12:00:00 AM +0000,"(37.7868300546, -122.433501652)"
205,1200 Fillmore St,Turk,11' to 30' north of Turk,19,E,good, ,03/31/1995 12:00:00 AM +0000,"(37.7806862209, -122.43212314)"
206,1400 Fillmore St,Ellis,5' to 23' north of Ellis,18,E,good, ,04/18/1996 12:00:00 AM +0000,"(37.7825006588, -122.432490257)"
207,1200 Florida St,24th St,5' to 27' south of 24th St,22,W,good, ,06/27/1994 12:00:00 AM +0000,"(37.75261005, -122.410118879)"
208,1800 Folsom St,14th St,90' to 114' south of the north property line,24,W, , ,,"(37.7684951121, -122.41574395)"
209,2075 Folsom St,17th St,2' to 27' south of the north property line,25,E, , ,,"(37.7641050126, -122.415085091)"
211,200 Folsom St,Main,96' to 116' west of Main,20,N, , ,,"(37.7890073593, -122.392488479)"
212,50 California St,Davis,37' to 66' east of Davis,29,N,good, ,08/15/1997 12:00:00 AM +0000,"(37.7936219262, -122.397372946)"
213,1199 Clement St,Funston,0' to 19' east of Funston,19,S,good, ,08/08/1996 12:00:00 AM +0000,"(37.7825420842, -122.471752206)"
214,560 Davis St,Jackson,6' to 28' north of Jackson,22,E,good, ,05/08/1997 12:00:00 AM +0000,"(37.7981190786, -122.398474478)"
215,939 Ellis St,Van Ness,From east side of east driveway 22' east,22,S, , ,,"(37.7836835737, -122.421696232)"
216,2800 Folsom St,24th St,8' to 30' south of 24th St,22,W,poor, ,06/27/1994 12:00:00 AM +0000,"(37.7523726075, -122.414172335)"
217,633 Folsom St,Hawthorne,6' to 28' east of Hawthorne,22,S,good, ,06/30/1995 12:00:00 AM +0000,"(37.784708255, -122.397627019)"
218,700 Font Blvd,Tapia,5' to 71' west of Tapia,66,N,good, ,,"(37.7219834862, -122.48224552)"
219,2 Francis,Mission,6' to 24' west of Mission,18,N,good, ,08/15/1996 12:00:00 AM +0000,"(37.7267249531, -122.433532429)"
220,434 Franklin St,Fulton,2' to 24' north of the south crosswalk,22,E,good, ,05/06/1992 12:00:00 AM +0000,"(37.7789775329, -122.42163736)"
221,404 Franklin St,Grove,22' to 44' north of Grove,22,E,fair, ,05/06/1992 12:00:00 AM +0000,"(37.7782030879, -122.421480787)"
222,1200 Franklin St,Geary,9' to 29' north of Geary,20,E,good, ,10/26/1997 12:00:00 AM +0000,"(37.7856580873, -122.422986442)"
223,1400 Franklin St,Sutter,0' to 20' north of Sutter,20,E,good, ,08/16/1998 12:00:00 AM +0000,"(37.7875151322, -122.423362507)"
224,199 Fremont St,Howard,8'-30' north of Howard,22,E, , ,,"(37.7893963577, -122.395237042)"
225,700 Front St,Pacific,4' to 26' north of Pacific,22,E,good, ,11/13/1997 12:00:00 AM +0000,"(37.7979549263, -122.399647464)"
226,800 Front St,Broadway,0' to 22' north of Broadway,22,E,good, ,06/28/1998 12:00:00 AM +0000,"(37.7989015811, -122.399849703)"
227,350 Front St,Clay,78' to 110' south of Clay,32,E,good, ,02/08/1996 12:00:00 AM +0000,"(37.7946655674, -122.398975261)"
228,1399 Funston Av,Judah,22' north from south property line on Funston,22,W, , ,,"(37.7621274107, -122.47055691)"
229,99 Funston Av,Lake,4' to 13' north of Lake,9,W,good, ,09/20/1998 12:00:00 AM +0000,"(37.7863406609, -122.472320037)"
230,3330 Geary Blvd, ,2' to 20' west of east property line,18,N, , ,,"(37.7816841909, -122.454615657)"
231,6210 Geary Blvd,26th Ave,12' to 29' west of 26th Ave,17,N,good, ,,"(37.7801715875, -122.486003201)"
232,6599 Geary Blvd,30th Ave,0'-18' east of 30th Ave,18,S, , ,,"(37.7797580644, -122.490162216)"
233,4225 Geary Blvd,6th Ave,From east property line 22' west,22,S, , ,,"(37.7808659096, -122.464794843)"
234,2350 Geary Blvd,Baker,15' west to 29' east of west building line,44,N, , ,,"(37.7831206118, -122.442122243)"
235,1902 Geary Blvd,Steiner,0' to 20' west of Steiner,20,N,good, ,04/16/1996 12:00:00 AM +0000,"(37.7839808076, -122.434328352)"
236,4700 Geary Blvd,11th Ave,14' to 36' west of 11th Ave,22,N,good, ,06/05/1996 12:00:00 AM +0000,"(37.7809084293, -122.469883213)"
237,4100 Geary Blvd,5th Ave,0' to 18' west of 5th Ave,18,N,good, ,06/05/1996 12:00:00 AM +0000,"(37.781200126, -122.46342364)"
238,3700 Geary Blvd,Arguello,18' to 36' west of Arguello,18,N,good, ,06/05/1996 12:00:00 AM +0000,"(37.7813941245, -122.459124434)"
239,5000 Geary Blvd,14th Ave,15' to 35' west of 14th Ave,20,N,good, ,06/06/1996 12:00:00 AM +0000,"(37.780763698, -122.473085317)"
240,5200 Geary Blvd,16th Ave,17' to 34' west of 16th Ave,17,N,good, ,06/06/1996 12:00:00 AM +0000,"(37.7806631404, -122.475308989)"
241,5400 Geary Blvd,18th Ave,13' to 30' west of 18th Ave,17,N,good, ,06/06/1996 12:00:00 AM +0000,"(37.7805661231, -122.477453468)"
242,5999 Geary Blvd,24th Ave,19' to 36' east of 24th Ave,17,S,good, ,06/06/1996 12:00:00 AM +0000,"(37.7800192649, -122.483452633)"
243,6100 Geary Blvd,25th Ave,8' to 25' west of 25th Ave,17,N,good, ,06/06/1996 12:00:00 AM +0000,"(37.7802198752, -122.484930803)"
244,1200 Geary Blvd,Franklin,1' to 19' west of Franklin,18,N,good, ,10/15/1997 12:00:00 AM +0000,"(37.7855241345, -122.423253227)"
245,300 Golden Gate Av,Hyde,87' to 112' west of Hyde,25,N,fair, ,04/08/1992 12:00:00 AM +0000,"(37.7816555197, -122.41604849)"
246,35 Gough Street,Stevenson,0-20' north of Stevenson,20,W, , ,,"(37.7728313448, -122.421845433)"
247,99 Grace St,Howard,Howard to 25' north,25,E, , ,,"(37.7749146413, -122.413427355)"
249,199 Greenwich St,Sansome,From east property line 66' to 88' west,22,S, , ,,"(37.8030676253, -122.402961173)"
250,200 Grove St,Van Ness,30' to 55' west of Van Ness,25,N, , ,,"(37.7782677713, -122.420196972)"
251,101 Grove St,Polk,14' to 58' west of Polk,44,S,good, ,04/09/1992 12:00:00 AM +0000,"(37.778249902, -122.41829171)"
252,250 Grove St,Van Ness,89' to 170' west of Van Ness,81,S,good, ,04/09/1992 12:00:00 AM +0000,"(37.7780810334, -122.420598539)"
253,299 Grove St,Franklin,17' to 39' east of Franklin,22,S,good, ,02/07/1996 12:00:00 AM +0000,"(37.7779954074, -122.421270852)"
254,100 Grove St,Hyde,22' to 42' west of Hyde,20,N,good, ,04/16/1996 12:00:00 AM +0000,"(37.7785491619, -122.418582515)"
255,1899 Grove St,Ashbury,3' to 21' east of Ashbury,18,S,good, ,04/15/1997 12:00:00 AM +0000,"(37.7746427028, -122.44770811)"
256,851 Guerrero St,Liberty,26' south from Liberty,26,E, , ,,"(37.7574341232, -122.42329951)"
257,145 Guerrero St,Brosnan,10' to 32' north Brosnan,22,E,good, ,04/20/1992 12:00:00 AM +0000,"(37.7687631988, -122.424392066)"
258,1545 Haight St,Clayton,5' to 23' east of Clayton,18,S, , ,,"(37.7697659522, -122.448392878)"
259,1729 Haight St,Shrader,0' to 26' east of Shrader,26,S, , ,07/05/1993 12:00:00 AM +0000,"(37.7693463241, -122.451683272)"
260,2 Harriet St,Howard,0' to 18' south of Howard,18,W,good, ,12/16/1997 12:00:00 AM +0000,"(37.779178309, -122.407603753)"
261,1440 Harrison St,10th St,2' to 24' west of driveway,22,N, , ,,"(37.7711780003, -122.411967877)"
262,75 Hawthorne St,Folsom,From the south property line to 40' north,40,E, , ,,"(37.7851293427, -122.398325009)"
263,100 Hawthorne,Folsom,5' to 25' south of Folsom,20,W,good, ,03/26/1996 12:00:00 AM +0000,"(37.7845136202, -122.39772345)"
264,500 Hayes St,Octavia,8' to 27' west of Octavia,19,N,none, ,05/25/1992 12:00:00 AM +0000,"(37.7767170045, -122.424822872)"
265,1 Hickory St,Van Ness,10' to 28' west of Van Ness,18,S,good, ,,"(37.7758517835, -122.419645609)"
266,102 Front St,Pine,Pine to 26' north,26,E, , ,,"(37.7925650606, -122.398553838)"
267,99 Fulton St,Larkin,11' to 20' east of Larkin,9,S,good, ,,"(37.7796349439, -122.415308761)"
268,1902 Geary Blvd,Steiner,130' to 150' west of Steiner,20,N,good, ,04/16/1996 12:00:00 AM +0000,"(37.7843013881, -122.434831573)"
269,1600 Holloway Av,Cardenas,6' to 28' west of west side of d/way to Admin Bldg,22,N, , ,,"(37.7209079075, -122.477225945)"
270,1700 Holloway Av,Arrellano,West from west crosswalk,22,N, , ,,"(37.7209736081, -122.479177792)"
271,120 Howard St,Spear,5' west to 17' east of west building line,22,N, , ,,"(37.7912222609, -122.392786307)"
272,50 Howard St,Steuart,3' to 23' west of Steuart,20,N, , ,,"(37.791923721, -122.391877196)"
434, , , ,0, , , ,,"(37.7875921718, -122.433519332)"
273,399 Howard St,Fremont,13' to 33' east of Fremont,20,S,good, ,03/31/1995 12:00:00 AM +0000,"(37.7893121248, -122.394903943)"
274,199 Howard St,Main,13' to 32' east of Main,19,S,good, ,08/23/1998 12:00:00 AM +0000,"(37.7906939861, -122.393162427)"
275,920 Hyde St,Bush,South of parking bay,22,E, , ,,"(37.7896348251, -122.417053576)"
277,47 Hyde Street,McAllister,9'-29' south of McAllister,20,W, , ,01/14/1995 12:00:00 AM +0000,"(37.7799070929, -122.41534477)"
278,1410 Irving St,15th Ave,first angled stall west of 15th Ave,12,N,good, ,07/23/1996 12:00:00 AM +0000,"(37.7638281234, -122.473003722)"
279,229 Jackson St,Battery,5-27' east of Battery,22,S, , ,,"(37.7967665307, -122.400474397)"
280,900 Jessie St,10th St,From 10th St to 50' west (curbqual good),50,N,REMOVED, ,05/06/1992 12:00:00 AM +0000,"(37.7758982637, -122.416436423)"
281,471 Jessie St,6th St,0' to 22' east of west property line,22,S, , ,04/24/1995 12:00:00 AM +0000,"(37.7817990374, -122.408707973)"
282,199 Jones St,Turk,0-20' south of Turk,0, , , ,04/30/1994 12:00:00 AM +0000,"(37.7828444592, -122.412470703)"
283,299 Jones St,Eddy,5' to 24' south of Eddy,19,W,good, ,06/30/1995 12:00:00 AM +0000,"(37.7837666308, -122.41265425)"
284,23 Jones St,Golden Gate,12' to 30' south of Golden Gate Avenue,18,W,good, ,06/30/1995 12:00:00 AM +0000,"(37.7819195202, -122.412267279)"
285,198 Jordan St,Geary,3' to 21' north of Geary,18,E,good, ,04/16/1996 12:00:00 AM +0000,"(37.7816219386, -122.456571565)"
286,56 Julian Av, ,20' south of driveway,20, , , ,,"(37.7673115314, -122.421189633)"
288,25 Lake St,Arguello,From the east property line 22' west,22,S, , ,,"(37.7868389739, -122.459454322)"
289,22 Lake St,Arguello,From the northwest corner 22' west,22,N, , ,,"(37.787214651, -122.459411247)"
290,2300 Sutter St,Scott,From Scott to 20' west,20,N, , ,,"(37.785495195, -122.438400378)"
291,2135 Sutter St,Steiner,16' west of the east property line to 38' west,22,S, , ,,"(37.7857649901, -122.435420795)"
292,2370 Sutter St,Divisadero,91' to 109' east of Divisadero,18,N,good, ,05/01/1995 12:00:00 AM +0000,"(37.7853627741, -122.439442066)"
293,1002 Taraval St,20th Ave,3' to 23' west of 20th Ave,20,N,good, ,,"(37.7430811019, -122.476982423)"
294,1206 Taraval St,22nd Ave,8' to 26' west of 22nd Ave,18,N,good, ,05/17/1996 12:00:00 AM +0000,"(37.7429862199, -122.479142724)"
295,504 Taylor St,Geary,6' to 28' north of Geary,22,E,good, ,08/21/1996 12:00:00 AM +0000,"(37.7871124416, -122.411476542)"
296,210 Taylor St,Eddy,22' to 44' north of Eddy,22,E,good, ,11/01/1996 12:00:00 AM +0000,"(37.7843696999, -122.41092628)"
297,1 Teresita,Portola,8' to 26' south of Portola,18,W,good, ,11/13/1996 12:00:00 AM +0000,"(37.7449295668, -122.452130155)"
298,333 Turk St,Leavenworth,6' to 28' east of the west property line,22,S, , ,,"(37.7827143589, -122.41427586)"
299,20 Turk St,Mason,3' to 25' west of Mason,22,N,good, ,11/01/1996 12:00:00 AM +0000,"(37.7834638218, -122.409348896)"
300,102 Turk St,Taylor,0' to 20' west of Taylor,20,N,good, ,11/01/1996 12:00:00 AM +0000,"(37.7832562889, -122.410982125)"
301,100  Union St,Battery,160' to 182' east,22,N, , ,,"(37.8015040451, -122.401728317)"
302,1900 Union St,Laguna,11' to 31' west of Laguna,20,N,fair, ,04/27/1992 12:00:00 AM +0000,"(37.797757903, -122.430772593)"
303,2095 Union St,Webster,12' to 30' east of Webster,18,S,fair, ,04/27/1992 12:00:00 AM +0000,"(37.7972683771, -122.43364269)"
304,99 Union St,Battery,0' to 18' east of Battery,18,S,good, ,06/30/1995 12:00:00 AM +0000,"(37.8013506984, -122.401434703)"
305,333 Valencia St,14th St,155' to 179' south of 14th St,24,E,fair, ,04/20/1992 12:00:00 AM +0000,"(37.7676325437, -122.422050819)"
306,1602 Valencia St,Tiffany,5' to 24' south of Tiffany,19,W,good, ,06/19/1996 12:00:00 AM +0000,"(37.7463616223, -122.420230838)"
307,199 Vallejo St,Battery,0' to 18' east of Battery,18,S,good, ,06/30/1995 12:00:00 AM +0000,"(37.7995031055, -122.401012411)"
308,1420 Van Ness Av,Austin,2' to 22' north of Austin,20,E, , ,,"(37.7890800526, -122.421917274)"
309,1142 Van Ness Av,Cedar,3' to 22' north of Cedar,19,E,good, ,,"(37.7862986469, -122.421354564)"
310,79 Van Ness Ave,Fell,47'-69' south of Fell,22,W, , ,,"(37.7760783905, -122.419617803)"
312,234 Van Ness Ave,Lech Walesa,7' to 26' north of Lech Walesa,19,E,good, ,04/09/1992 12:00:00 AM +0000,"(37.7777294981, -122.419622871)"
435, , , ,0, , , ,,"(37.7898843813, -122.432453378)"
313,595 Van Ness Ave,Golden Gate,6' to 26' south of Golden Gate,20,W,good, ,06/30/1995 12:00:00 AM +0000,"(37.7808878656, -122.420599129)"
314,30 Van Ness Ave,Market,161' to 187' north of Market,26,E,good, ,06/30/1995 12:00:00 AM +0000,"(37.7759661959, -122.419269495)"
315,401 Van Ness Ave,McAllister,162' to 184' south of McAllister,22,W,good, ,02/11/1997 12:00:00 AM +0000,"(37.7795864581, -122.420379662)"
316,99 Vermont St,Alameda,0-18' north of Alameda,18,E, , ,,"(37.7686863214, -122.404809388)"
317,430 Walnut St,Sacramento,98' to 116' south of Sacramento,18,E,good, ,04/08/1992 12:00:00 AM +0000,"(37.7876771494, -122.448538847)"
318,1525 Silver Av,Barneveld,90' to 112' east of Barneveld,22,N,poor, ,04/08/1992 12:00:00 AM +0000,"(37.7322493787, -122.406440793)"
319,50 Starr King Way,Franklin,From the west side of parking bay to 25' east,25,N,good, ,,"(37.7846278703, -122.42316935)"
320,Stonecrest,Winston,0' to 18' south of Winston,18,W,good, ,04/18/1996 12:00:00 AM +0000,"(37.7267968609, -122.474297407)"
321,191 Van Ness Ave,Hayes,7' to 30' south of Hayes,23,W, , ,,"(37.7771327918, -122.419829116)"
322,2490 Washington St,Fillmore,8' to 30' east of Fillmore,22,S,good, ,05/26/1997 12:00:00 AM +0000,"(37.7915694783, -122.434182534)"
323,620 Washington St,Columbus,27' to 45' west of Columbus,18,N,good, ,08/25/1997 12:00:00 AM +0000,"(37.795550088, -122.403652895)"
324,550 Washington St,Hotaling,7' to 29' west of Hotaling,22,N,good, ,08/25/1997 12:00:00 AM +0000,"(37.7956479819, -122.40287025)"
325,710 Washington St,Kearny,2' to 20' west of Kearny,18,N,good, ,08/25/1997 12:00:00 AM +0000,"(37.7953532144, -122.405183461)"
326,1001 Webster St,Golden Gate,44' to 66' north of Golden Gate on Webster,22,W, , ,,"(37.7798710642, -122.430428672)"
327,1510 Webster St,Geary,2' to 22' north of Geary,20,E,good, ,06/30/1995 12:00:00 AM +0000,"(37.7848924189, -122.431121953)"
328,174 West Portal Ave,Vicente,off-street public parking lot,20,N, , ,02/14/1994 12:00:00 AM +0000,"(37.7389545489, -122.4677354)"
329,300 West Portal Ave,14th Ave,14' angled stall replacing parking meter no. 304,14,N,good, ,07/18/1995 12:00:00 AM +0000,"(37.7379085597, -122.469331925)"
330,99 West Portal Ave,Vicente,14' angled stall replacing parking meter no. 57,14,S,good, ,07/31/1995 12:00:00 AM +0000,"(37.7398362633, -122.466729493)"
331,15 West Portal Av,Ulloa,From the north property line 14' north,14,E, , ,10/10/1995 12:00:00 AM +0000,"(37.7406401059, -122.465895142)"
332,399 Willow St,Gough,20' to 42' east of Gough on Willow,22, , , ,,"(37.7828552163, -122.424111467)"
333,20 Woodside Av, ,From west building line 22' west,22, , , ,,"(37.746747342, -122.458376284)"
334,1706 Yosemite St,Lane,0-18' west of Lane St,18,S, , ,,"(37.7280865588, -122.3936305)"
335,700 Parker Av,McAllister,6' to 15' south of McAllister,9,E,good, ,10/01/1997 12:00:00 AM +0000,"(37.7757520621, -122.452878298)"
336,601 Parker St,Turk,11' to 20' south of Turk,9,W,good, ,03/03/1998 12:00:00 AM +0000,"(37.7768080961, -122.453289456)"
337,600 Parnassus Av,3rd Ave,22' to 40' west of 3rd Ave crosswalk,18,S,good, ,,"(37.7629385782, -122.459541306)"
338,490 Parnassus Av,3rd Ave,242' to 267' east of 3rd Ave,25,N,good, ,,"(37.7632727582, -122.458874402)"
339,400 Parnassus Av,Arguello,28' to 50' east of west end of parking bay,22, , , ,,"(37.7637081356, -122.457429624)"
340,400 Parnassus Av,Arguello,From west end of parking bay 22' east,22, , , ,,"(37.7637230292, -122.457372156)"
341,350 Parnassus Av,Willard,30' to 52' west of east property line,22, , , ,,"(37.7640672645, -122.456062194)"
342,30 Pearl St,Pink Alley,21' to 42' north of Pink Alley,21, , , ,,"(37.7708056103, -122.423973892)"
343,1301 Pierce St,Ellis,From the northwest corner 22' north,22,W, , ,,"(37.7822512601, -122.435944523)"
344,810 Pierce St,McAllister,16' to 38' north of the south building line,22,E, , ,,"(37.7777419402, -122.434896176)"
345,810 Pierce St,McAllister,38' to 60' north of the south building line,22,E, , ,,"(37.7777419402, -122.434896176)"
346,3252 Pierce St,Chestnut,replace meter Mar. G1#1-8 (5 blue spaces),10,E, ,607-32240,04/30/1994 12:00:00 AM +0000,"(37.8000854483, -122.439413475)"
347,2707 Pine St,Divisadero,49' to 71' west of east property line,22,S, , ,,"(37.7870163058, -122.440524636)"
348,1402 Pine St,Larkin,0' to 20' west of Larkin,20,N,good, ,02/26/1995 12:00:00 AM +0000,"(37.7898797717, -122.41903633)"
436, , , ,0, , , ,,"(37.7911061685, -122.432522585)"
349,1434 Polk St,California,8' to 30' south of California,22,W, , ,,"(37.7903813191, -122.420738147)"
350,99 Polk St,Hayes,10' to 28' south of Hayes,18,W,good, ,05/12/1992 12:00:00 AM +0000,"(37.7773387137, -122.418102042)"
351,575 Polk St,Turk,4' to 25' south of Turk,21,W,good, ,05/25/1992 12:00:00 AM +0000,"(37.7820135752, -122.41905243)"
352,799 Polk St,Ellis,3' to 26' south of Ellis,23,W,good, ,06/04/1996 12:00:00 AM +0000,"(37.7838647077, -122.419426644)"
353,2302 Polk St,Green,0' to 21' north of Green,21,E,good, ,06/04/1996 12:00:00 AM +0000,"(37.7979726043, -122.42211159)"
354,125 Polk St,Hemlock,6' to 28' south of Hemlock,22,W,good, ,06/04/1996 12:00:00 AM +0000,"(37.7871757258, -122.420081027)"
355,1591 Polk St,Sacramento,14' to 36' south of Sacramento,22,W,good, ,06/04/1996 12:00:00 AM +0000,"(37.791355761, -122.420935459)"
356,549 Polk St,Elm,6' to 26' south of Elm,20,W,good, ,03/26/1997 12:00:00 AM +0000,"(37.7816106011, -122.418970969)"
357,491 Polk St,Golden Gate,10' to 52' south of Golden Gate,42,W,good, ,03/12/1998 12:00:00 AM +0000,"(37.781104044, -122.418868571)"
358,693 Portola,Fowler,replacing parking meter # 693 (angled stall),12,S,good, ,04/17/1996 12:00:00 AM +0000,"(37.7445014908, -122.453028464)"
359,250 Post St,Grant,24' to 46' west of east property line,22,N, , ,,"(37.7886719282, -122.405035212)"
360,101 Post St,Kearny,27' to 51' west of Kearny,24,S,good, ,,"(37.7888199183, -122.403884301)"
361,390 Post St,Powell,28' to 50' east of Powell,22,N,good, ,,"(37.7883830249, -122.408162983)"
362,239 Post St,Stockton,0 to 26' east of Stockton,26,S, , ,,"(37.7884745532, -122.406600136)"
363,585 Post St,Taylor,80' to 98' east of Taylor,18,S,poor, ,,"(37.7878755273, -122.411311044)"
364,2302 Post St,Divisadero,0' to 20' west of Divisadero,20,N,good, ,06/30/1995 12:00:00 AM +0000,"(37.7843684069, -122.439878392)"
365,1890 Post St,Fillmore,15' to 35' east of Fillmore,20,S,good, ,06/30/1995 12:00:00 AM +0000,"(37.7851256435, -122.43284987)"
366,111 Potrero Ave,Alameda,0-26' north of south property line,26,E, , ,04/30/1994 12:00:00 AM +0000,"(37.7682087324, -122.407660658)"
367,1200 Powell St,Jackson,10' to 32' north of Jackson,22,E, , ,,"(37.7957899911, -122.409857804)"
368,1179 Powell St,Jackson,49' to 69' south of Jackson,20,W, , ,,"(37.7953808869, -122.409952159)"
369,940 Powell St,Sacramento,22' to 44' north of the south building line,22,E, , ,,"(37.7934827251, -122.409390211)"
370,1400 Powell St,Vallejo,67' to 85' south of Vallejo,18,E, , ,,"(37.7981176525, -122.410333533)"
371,229 Powell St,Geary,13-31' south of Geary,18,W, , ,12/19/1994 12:00:00 AM +0000,"(37.7871919712, -122.408274383)"
372,402 Powell St,Post,north of Post Street,0, , , ,01/14/1995 12:00:00 AM +0000,"(37.788474093, -122.408388749)"
373,1702 Powell St,Green,0' to 22' north of Green,22,E,good, ,04/19/1998 12:00:00 AM +0000,"(37.7994756737, -122.410621318)"
374,355 Precita Avenue,Harrison,12-30' west of Harrison,18,N, , ,04/30/1994 12:00:00 AM +0000,"(37.7473342715, -122.411595144)"
375,446 Randolph Street,Ramsell,0-18' west of Ramsell,18,N, , ,04/30/1994 12:00:00 AM +0000,"(37.714360927, -122.466339938)"
376,101 Redwood St,Polk,2' to 24' west of Polk,22,S,good, ,04/08/1992 12:00:00 AM +0000,"(37.7810485243, -122.418857349)"
377,3602 Sacramento St,Locust,3' to 25' east of Locust,22,N, , ,,"(37.7875869633, -122.45217013)"
378,3801 Sacramento St,Maple,9' to 53' west of east property line,44,S, , ,,"(37.7870668041, -122.455454835)"
380,32 Ocean Av,Persia,4' to 22' east of Persia,18,N,REMOVED, ,,"(37.7238905029, -122.436278533)"
381,700 Parker Av,McAllister,9' north from nrth side of Xwalk at McAllister 90d,9,E, , ,,"(37.7756628164, -122.452860139)"
382,707 Parnassus Av,4th Ave,From meter PNS 707 36' east,36, , , ,,"(37.7625220614, -122.46101469)"
383,2450 San Bruno,Silliman,15' to 33' south of Silliman,18,W,good, ,02/28/1996 12:00:00 AM +0000,"(37.7310761896, -122.405113169)"
384,399 San Fernando Way,Ocean,From the north building to 27' south,27, , , ,,"(37.7309093698, -122.469711373)"
385,305 San Fernando Way,Darien,12' to 30' south of Darien,18,W,good, ,09/24/1996 12:00:00 AM +0000,"(37.7317919811, -122.469683438)"
386,1308 Sansome St,Filbert,By ramp that leads to Plaza,22,E, , ,,"(37.802415387, -122.402957738)"
437, , , ,0, , , ,,"(37.7909667205, -122.432735535)"
387,1200 Sansome St,Union,1st parking place north of Union,22,E, , ,,"(37.8013955796, -122.402752384)"
388,2 Scott Street,Duboce,0 to 22' north of Duboce,0, , , ,,"(37.7692622242, -122.434858997)"
389,207 Skyline Blvd, ,From main gate 33' east,33, , , ,,"(37.7286551292, -122.501768867)"
390,2800 Sloat Blvd,Zoo,10' diag pkg spaces west of main zoo entrance,0,S,good, ,,"(37.7352812057, -122.504076208)"
391,2800 Sloat Blvd,45th Ave,0' to 22' east of 45th Ave,22,S,good, ,04/24/1996 12:00:00 AM +0000,"(37.7352817094, -122.504038383)"
392,301 Spear St,Folsom,Folsom to 22' south,22,E, , ,,"(37.7901642255, -122.390716949)"
393,50 Spear St,Mission,134' to 156' north of Mission,22,W, , ,,"(37.7928542818, -122.394590094)"
394,200 Spear St,Howard,0' to 22' south of Howard,22,W,good, ,08/20/1995 12:00:00 AM +0000,"(37.7911423845, -122.392443837)"
395,304 St. Joseph's Av,Geary,0 to 51' north of north crosswalk,51,E, , ,,"(37.7824171618, -122.441835075)"
396,350 St. Joseph's Av,O'Farrell,4' to 26' north of O'Farrell,22,E, , ,,"(37.7824446337, -122.441912611)"
397,785 Stanyan St,Beulah,3' to 25' north of Beulah,22, , , ,,"(37.7681295974, -122.453441586)"
398,180 Steuart St,Howard,5' to 29' north of Howard,24,E,good, ,,"(37.7920612738, -122.391857909)"
399,1520 Stockton St,Green,From north property line 22' south,22,E, , ,,"(37.7999960888, -122.409042464)"
400,1602 Stockton St,Union,0' to 18' north of Union,18,E, , ,06/11/1995 12:00:00 AM +0000,"(37.8006002016, -122.409161407)"
401,Franklin,Fell,NE corner of intersection,0,E, , ,,"(37.7763954795, -122.421116083)"
402,Grove,Van Ness,SW corner of intersection,0,S, , ,,"(37.7780911577, -122.42051904)"
403,Grove, , ,0, , , ,,"(37.7781004935, -122.420445736)"
404,Grove, , ,0, , , ,,"(37.7781086303, -122.420381855)"
405, , , ,0, , , ,,"(37.7787606274, -122.416921772)"
406,McAllister, , ,0, , , ,,"(37.7800005349, -122.420585347)"
407,McAllister, , ,0, , , ,,"(37.780010588, -122.420506404)"
408, , , ,0, , , ,,"(37.7796691442, -122.420015336)"
409, , , ,0, , , ,,"(37.781284794, -122.422480561)"
410, , , ,0, , , ,,"(37.7825298974, -122.417303307)"
411, , , ,0, , , ,,"(37.7794720221, -122.416558542)"
412,Grove, , ,0, , , ,,"(37.7786160508, -122.416364491)"
413, , , ,0, , , ,,"(37.7888843452, -122.389226064)"
414, , , ,0, , , ,,"(37.7833647981, -122.394132786)"
416, , , ,0, , , ,,"(37.7814657255, -122.400623766)"
417, , , ,0, , , ,,"(37.7810651146, -122.400121152)"
418, , , ,0, , , ,,"(37.7799797559, -122.402888136)"
419, , , ,0, , , ,,"(37.7780410984, -122.393639061)"
420, , , ,0, , , ,,"(37.785090739, -122.398276219)"
421, , , ,0, , , ,,"(37.78697321, -122.398373176)"
422, , , ,0, , , ,,"(37.7878188782, -122.399691995)"
423, , , ,0, , , ,,"(37.7900435584, -122.399218175)"
424, , , ,0, , , ,,"(37.7892311107, -122.397234806)"
425, , , ,0, , , ,,"(37.7897188438, -122.394178992)"
426, , , ,0, , , ,,"(37.793309254, -122.392965647)"
427, , , ,0, , , ,,"(37.794661045, -122.39794346)"
428, , , ,0, , , ,,"(37.7963026411, -122.396697483)"
429, , , ,0, , , ,,"(37.7941513376, -122.404664072)"
430, , , ,0, , , ,,"(37.7910198782, -122.400805453)"
431, , , ,0, , , ,,"(37.7849916411, -122.429169211)"
432, , , ,0, , , ,,"(37.7856070211, -122.430088984)"
438, , , ,0, , , ,,"(37.8063234695, -122.423564537)"
439, , , ,0, , , ,,"(37.8064027577, -122.422016649)"
440, , , ,0, , , ,,"(37.805557974, -122.422135776)"
441, , , ,0, , , ,,"(37.8071051428, -122.417476061)"
442, , , ,0, , , ,,"(37.7658199288, -122.42187721)"
443, , , ,0, , , ,,"(37.7649449987, -122.418768233)"
444, , , ,0, , , ,,"(37.7634803901, -122.419768498)"
445, , , ,0, , , ,,"(37.7586039563, -122.418846125)"
446, , , ,0, , , ,,"(37.7574967702, -122.419047683)"
447, , , ,0, , , ,,"(37.7574364267, -122.419041907)"
448, , , ,0, , , ,,"(37.7553296804, -122.419710038)"
449, , , ,0, , , ,,"(37.7554202423, -122.420035832)"
450, , , ,0, , , ,,"(37.7554055245, -122.418449641)"
451, , , ,0, , , ,,"(37.7540062272, -122.416647919)"
452, , , ,0, , , ,,"(37.7923034322, -122.391410187)"
453, , , ,0, , , ,,"(37.7892815531, -122.388532201)"
454, , , ,0, , , ,,"(37.7869283831, -122.38809886)"
455, , , ,0, , , ,,"(37.7862995609, -122.389436475)"
456, , , ,0, , , ,,"(37.7845572029, -122.388288714)"
457, , , ,0, , , ,,"(37.7832731732, -122.389279769)"
458, , , ,0, , , ,,"(37.783062465, -122.389317106)"
459, , , ,0, , , ,,"(37.776093704, -122.387615695)"
460, , , ,0, , , ,,"(37.7760938438, -122.387681197)"
461, , , ,0, , , ,,"(37.7758368906, -122.387530068)"
462, , , ,0, , , ,,"(37.7757635752, -122.387533677)"
463, , , ,0, , , ,,"(37.7758374083, -122.387460365)"
464, , , ,0, , , ,,"(37.7758323807, -122.387603145)"
465, , , ,0, , , ,,"(37.7757597237, -122.387602552)"
466, , , ,0, , , ,,"(37.7757647504, -122.387459771)"
467, , , ,0, , , ,,"(37.7970963966, -122.395449392)"
468, , , ,0, , , ,,"(37.7973874537, -122.395707565)"
469, , , ,0, , , ,,"(37.7974327735, -122.395741553)"
470, , , ,0, , , ,,"(37.8005734646, -122.400068851)"
471, , , ,0, , , ,,"(37.8007836538, -122.399496048)"
472, , , ,0, , , ,,"(37.80067121, -122.399185492)"
473, , , ,0, , , ,,"(37.8028871911, -122.4011566)"
474, , , ,0, , , ,,"(37.8041605218, -122.402918681)"
475, , , ,0, , , ,,"(37.8041908232, -122.402679337)"
476, , , ,0, , , ,,"(37.8055506144, -122.406124714)"
477, , , ,0, , , ,,"(37.8054662901, -122.406794093)"
478, , , ,0, , , ,,"(37.8072506712, -122.408814798)"
479, , , ,0, , , ,,"(37.8075002735, -122.420940481)"
480, , , ,0, , , ,,"(37.807506644, -122.420879626)"
481, , , ,0, , , ,,"(37.7787441959, -122.41816764)"
482,Grove, , ,0, , , ,,"(37.7784248033, -122.418008256)"
484, , , ,0, , , ,,"(37.7981763608, -122.427481955)"
485, , , ,0, , , ,,"(37.7832807613, -122.461165223)"
486, , , ,0, , , ,,"(37.7706108028, -122.479834959)"
487, , , ,0, , , ,,"(37.7706424128, -122.479739538)"
488, , , ,0, , , ,,"(37.7706798061, -122.479626663)"
489, , , ,0, , , ,,"(37.770470646, -122.479739243)"
490, , , ,0, , , ,,"(37.770504722, -122.479638163)"
491, , , ,0, , , ,,"(37.7705372463, -122.479541688)"
492, , , ,0, , , ,,"(37.7707017347, -122.477043675)"
493, , , ,0, , , ,,"(37.7691719434, -122.477540904)"
494, , , ,0, , , ,,"(37.7687058287, -122.472693626)"
495, , , ,0, , , ,,"(37.7688511423, -122.472577768)"
496, , , ,0, , , ,,"(37.7709505292, -122.474895267)"
497, , , ,0, , , ,,"(37.7714925941, -122.477431455)"
498, , , ,0, , , ,,"(37.7730752635, -122.471514039)"
499, , , ,0, , , ,,"(37.7730832656, -122.471338031)"
500, , , ,0, , , ,,"(37.7732249823, -122.46822006)"
501, , , ,0, , , ,,"(37.7733186521, -122.4661582)"
502, , , ,0, , , ,,"(37.7733215305, -122.46601793)"
503, , , ,0, , , ,,"(37.7735339281, -122.463791061)"
504, , , ,0, , , ,,"(37.7735627148, -122.463565904)"
505, , , ,0, , , ,,"(37.7714004764, -122.459191362)"
506, , , ,0, , , ,,"(37.7717982565, -122.461690469)"
507, , , ,0, , , ,,"(37.7683998703, -122.458849724)"
508, , , ,0, , , ,,"(37.7684675611, -122.458677928)"
509, , , ,0, , , ,,"(37.7685485182, -122.458658406)"
510, , , ,0, , , ,,"(37.7690996867, -122.465472232)"
511, , , ,0, , , ,,"(37.769056511, -122.465520915)"
512, , , ,0, , , ,,"(37.7690163101, -122.465583437)"
513, , , ,0, , , ,,"(37.7668199027, -122.457906132)"
514, , , ,0, , , ,,"(37.7669553435, -122.466581737)"
515, , , ,0, , , ,,"(37.7668025293, -122.466565704)"
516, , , ,0, , , ,,"(37.7690854634, -122.468659448)"
517, , , ,0, , , ,,"(37.7691475793, -122.468613382)"
518, , , ,0, , , ,,"(37.7692085768, -122.468592463)"
519, , , ,0, , , ,,"(37.7692296555, -122.468568726)"
520, , , ,0, , , ,,"(37.7691186762, -122.468813132)"
521, , , ,0, , , ,,"(37.7693090082, -122.469936395)"
522, , , ,0, , , ,,"(37.7693034183, -122.470062119)"
523, , , ,0, , , ,,"(37.7692967097, -122.470212986)"
524, , , ,0, , , ,,"(37.7692911187, -122.470338709)"
525, , , ,0, , , ,,"(37.7691753431, -122.470219563)"
526, , , ,0, , , ,,"(37.772445998, -122.468171332)"
527, , , ,0, , , ,,"(37.7725586874, -122.46845044)"
528, , , ,0, , , ,,"(37.7725738642, -122.468297419)"
529, , , ,0, , , ,,"(37.7725920603, -122.468150098)"
530, , , ,0, , , ,,"(37.7725987663, -122.467999224)"
531, , , ,0, , , ,,"(37.7725414922, -122.468553994)"
532, , , ,0, , , ,,"(37.7726704781, -122.466599751)"
533, , , ,0, , , ,,"(37.7727061911, -122.465968569)"
534, , , ,0, , , ,,"(37.7726917293, -122.466294059)"
535, , , ,0, , , ,,"(37.7727003608, -122.466134311)"
536, , , ,0, , , ,,"(37.772702255, -122.466057164)"
537, , , ,0, , , ,,"(37.7726965099, -122.46622098)"
538, , , ,0, , , ,,"(37.7726772157, -122.466517151)"
539, , , ,0, , , ,,"(37.7726836111, -122.466442253)"
540, , , ,0, , , ,,"(37.7726883918, -122.466369173)"
541, , , ,0, , , ,,"(37.7723751862, -122.459508021)"
542, , , ,0, , , ,,"(37.7672775603, -122.507829558)"
543, , , ,0, , , ,,"(37.770994511, -122.503074041)"
544, , , ,0, , , ,,"(37.7707275173, -122.507696401)"
545, , , ,0, , , ,,"(37.769219957, -122.510061215)"
546, , , ,0, , , ,,"(37.7691201587, -122.51005412)"
547, , , ,0, , , ,,"(37.7690269754, -122.510047616)"
548, , , ,0, , , ,,"(37.770134139, -122.509575813)"
549, , , ,0, , , ,,"(37.7675936666, -122.502676574)"
550, , , ,0, , , ,,"(37.7675110375, -122.503038849)"
551, , , ,0, , , ,,"(37.7710353231, -122.498938145)"
552, , , ,0, , , ,,"(37.7717588308, -122.497165407)"
553, , , ,0, , , ,,"(37.77176405, -122.497048635)"
554, , , ,0, , , ,,"(37.7717755168, -122.496940674)"
555, , , ,0, , , ,,"(37.7703456625, -122.493860548)"
556, , , ,0, , , ,,"(37.770202983, -122.493783497)"
557, , , ,0, , , ,,"(37.7700328739, -122.495361189)"
558, , , ,0, , , ,,"(37.7689099274, -122.498343885)"
559, , , ,0, , , ,,"(37.7706228184, -122.507711194)"
560, , , ,0, , , ,,"(37.7698108157, -122.460446057)"
561, , , ,0, , , ,,"(37.7720991189, -122.454316676)"
562, , , ,0, , , ,,"(37.7715948453, -122.454233798)"
563, , , ,0, , , ,,"(37.7718615734, -122.45425621)"
564, , , ,0, , , ,,"(37.7719616729, -122.454283307)"
565, , , ,0, , , ,,"(37.772008796, -122.45429756)"
566, , , ,0, , , ,,"(37.7720547188, -122.454306259)"
567, , , ,0, , , ,,"(37.771910221, -122.454268747)"
568, , , ,0, , , ,,"(37.7718025859, -122.454248413)"
569, , , ,0, , , ,,"(37.7717506512, -122.454244759)"
570, , , ,0, , , ,,"(37.7716975145, -122.454235551)"
571, , , ,0, , , ,,"(37.7716454186, -122.454235532)"
572, , , ,0, , , ,,"(37.7692427318, -122.451918194)"
573, , , ,0, , , ,,"(37.769763884, -122.450197097)"
574, , , ,0, , , ,,"(37.7718722712, -122.431851689)"
575, , , ,0, , , ,,"(37.7737776668, -122.419633869)"
576, , , ,0, , , ,,"(37.7702830143, -122.453683142)"
577, , , ,0, , , ,,"(37.7161840983, -122.440088712)"
578, , , ,0, , , ,,"(37.7158750731, -122.440155931)"
579, , , ,0, , , ,,"(37.7543694629, -122.47749235)"
580, , , ,0, , , ,,"(37.731997181, -122.474146542)"
581, , , ,0, , , ,,"(37.7432222533, -122.473766973)"
582, , , ,0, , , ,,"(37.7548437241, -122.446556936)"
583, , , ,0, , , ,,"(37.7637840098, -122.398830071)"
584, , , ,0, , , ,,"(37.7466478948, -122.387735676)"
585, , , ,0, , , ,,"(37.7464609627, -122.3882515)"
586, , , ,0, , , ,,"(37.7410749375, -122.398752545)"
587, , , ,0, , , ,,"(37.736523584, -122.381033041)"
588, , , ,0, , , ,,"(37.7639025456, -122.433732602)"
589, , , ,0, , , ,,"(37.7427481675, -122.480804624)"
590, , , ,0, , , ,,"(37.7667434708, -122.457869329)"
591, , , ,0, , , ,,"(37.7819074095, -122.409739403)"
592, , , ,0, , , ,,"(37.791452093, -122.422397197)"
593, , , ,0, , , ,,"(37.7871991811, -122.421536747)"
594, , , ,0, , , ,,"(37.784388111, -122.419532454)"
595, , , ,0, , , ,,"(37.7862471472, -122.4199081)"
597, , , ,0, , , ,,"(37.7853779638, -122.417877025)"
598,900 Hyde St,Bush,South of parking bay,22,E, , ,,"(37.7895709626, -122.417040973)"
599, , , ,0, , , ,,"(37.7707393347, -122.419658252)"
600, , , ,0, , , ,,"(37.7709090749, -122.419601951)"
601, , , ,0, , , ,,"(37.7711825497, -122.419499995)"
602, , , ,0, , , ,,"(37.7721241434, -122.418108017)"
603, , , ,0, , , ,,"(37.771582673, -122.420418259)"
604, , , ,0, , , ,,"(37.7727476265, -122.421428895)"
605, , , ,0, , , ,,"(37.7715234445, -122.423492022)"
606, , , ,0, , , ,,"(37.7688757582, -122.422390972)"
607, , , ,0, , , ,,"(37.7759554635, -122.438229478)"
608, , , ,0, , , ,,"(37.7798459855, -122.416727212)"
609, , , ,0, , , ,,"(37.770142251, -122.406750813)"
610, , , ,0, , , ,,"(37.7764589185, -122.411468756)"
611, , , ,0, , , ,,"(37.7702609768, -122.407076626)"
612, , , ,0, , , ,,"(37.7786347332, -122.414490418)"
613, , , ,0, , , ,,"(37.7789548435, -122.41046765)"
614, , , ,0, , , ,,"(37.7762726426, -122.398239324)"
615, , , ,0, , , ,,"(37.7738946054, -122.447661757)"
616, , , ,0, , , ,,"(37.7824510313, -122.407573443)"
617, , , ,0, , , ,,"(37.781374746, -122.395622634)"
618, , , ,0, , , ,,"(37.7757423356, -122.403083551)"
619, , , ,0, , , ,,"(37.7757841865, -122.403030494)"
620, , , ,0, , , ,,"(37.7967337694, -122.422018185)"
621, , , ,0, , , ,,"(37.7972593405, -122.398301186)"
622, , , ,0, , , ,,"(37.8015296809, -122.400976226)"
623, , , ,0, , , ,,"(37.7718917808, -122.423741253)"
624, , , ,0, , , ,,"(37.8000958915, -122.410884159)"
625, , , ,0, , , ,,"(37.7852786111, -122.440104095)"
626, , , ,0, , , ,,"(37.7842855989, -122.439464276)"
627, , , ,0, , , ,,"(37.7828331892, -122.442173114)"
628, , , ,0, , , ,,"(37.782539517, -122.442723698)"
629, , , ,0, , , ,,"(37.7845184579, -122.439624406)"
630, , , ,0, , , ,,"(37.7880190597, -122.447931111)"
631, , , ,0, , , ,,"(37.7635886884, -122.478446948)"
632, , , ,0, , , ,,"(37.7633429241, -122.483780321)"
633,389 Parnassus Av,Arguello,2' to 44' east of the driveway,42, , , ,,"(37.7635444279, -122.457396941)"
634, , , ,0, , , ,,"(37.765776901, -122.449768876)"
635, , , ,0, , , ,,"(37.7695245814, -122.449697161)"
636, , , ,0, , , ,,"(37.743840458, -122.453835905)"
637, , , ,0, , , ,,"(37.7337427085, -122.434018734)"
638, , , ,0, , , ,,"(37.750807545, -122.418225287)"
639,3120 Mission St,Army,4' to 48' south of north property line,44,W, , ,,"(37.7476469542, -122.41868465)"
640, , , ,0, , , ,,"(37.7527336475, -122.411162447)"
641, , , ,0, , , ,,"(37.7440994499, -122.421105563)"
642, , , ,0, , , ,,"(37.7430418743, -122.421658035)"
643, , , ,0, , , ,,"(37.7697052929, -122.464098653)"
644, , , ,0, , , ,,"(37.7219707422, -122.481715254)"
645, , , ,0, , , ,,"(37.721956069, -122.481272327)"
646, , , ,0, , , ,,"(37.7219522574, -122.481157238)"
647, , , ,0, , , ,,"(37.7219360909, -122.480669326)"
648, , , ,0, , , ,,"(37.7209770717, -122.479280716)"
649, , , ,0, , , ,,"(37.7209226632, -122.477664212)"
650, , , ,0, , , ,,"(37.7209250299, -122.47773453)"
651, , , ,0, , , ,,"(37.7256841768, -122.434175965)"
652, , , ,0, , , ,,"(37.7258331581, -122.433827361)"
653, , , ,0, , , ,,"(37.7209278575, -122.477818514)"
654, , , ,0, , , ,,"(37.7208777861, -122.476331388)"
655, , , ,0, , , ,,"(37.7766672056, -122.424237667)"
656, , , ,0, , , ,,"(37.781225572, -122.404444342)"
657, , , ,0, , , ,,"(37.7659896827, -122.442543487)"
658, , , ,0, , , ,,"(37.7743827883, -122.413671991)"
659, , , ,0, , , ,,"(37.8012891746, -122.433066284)"
660, , , ,0, , , ,,"(37.8010922064, -122.434613126)"
661, , , ,0, , , ,,"(37.8034042105, -122.443474686)"
662, , , ,0, , , ,,"(37.7590067736, -122.413725465)"
663, , , ,0, , , ,,"(37.7682375708, -122.406707652)"
664, , , ,0, , , ,,"(37.7661289269, -122.413297026)"
665, , , ,0, , , ,,"(37.8063134947, -122.423642949)"
666, , , ,0, , , ,,"(37.768325023, -122.407545638)"
667, , , ,0, , , ,,"(37.8074256981, -122.415591668)"
668, , , ,0, , , ,,"(37.7793807075, -122.431994805)"
670,1523 Ocean Ave,Capitol, ,22,S, , ,,"(37.7243951871, -122.458988737)"
671,404 Pacific,Sansome, ,22,N, , ,,"(37.7975182426, -122.402300625)"
672,729 Divisadero,Bush, ,22,W, , ,,"(37.7860257805, -122.440148592)"
674, , , ,0, , , ,,"(37.7649209733, -122.426552589)"
675, , , ,0, , , ,,"(37.7692379174, -122.433944177)"
676, , , ,0, , , ,,"(37.734953543, -122.390501735)"
677, ,Chestnut St,Pierce St Garage - metered spaces,0, , ,916-00040,,"(37.8002093711, -122.439177218)"
678, ,Chestnut St,Pierce St Garage - metered spaces,0, , ,916-00030,,"(37.800201436, -122.439231577)"
679, ,Chestnut St,Pierce St Garage - metered spaces,0, , ,916-00020,,"(37.8001956171, -122.439279569)"
680, ,Chestnut St,Pierce St Garage - metered spaces,0, , ,916-00010,,"(37.8001923158, -122.439317885)"
681, ,Chestnut St,Pierce St Garage - metered spaces,0, , ,916-00050,,"(37.8002180162, -122.439128076)"
682, ,Steiner St,Cal Steiner lot,0, , ,902-02440,,"(37.7889847708, -122.434762511)"
683, ,Steiner St,Cal Steiner lot,0, , ,902-02430,,"(37.7889446122, -122.434754783)"
684, , , ,0, , , ,,"(37.7800051116, -122.415110289)"
685, , , ,0, , , ,,"(37.7833479672, -122.415935141)"
686, , , ,0, , , ,,"(37.7641608436, -122.412102064)"
687, , , ,0, , , ,,"(37.7665763175, -122.422305706)"
688, , , ,0, , , ,,"(37.7643235056, -122.412231758)"
689, , , ,0, , , ,,"(37.7761563447, -122.405669887)"
690, , , ,0, , , ,,"(37.8014329908, -122.401894412)"
691, , , ,0, , , ,,"(37.7907425218, -122.434432443)"
692,HERBST,Skyline,SE part of zoo,0,E, ,767-00200,03/23/2011 12:00:00 AM +0000,"(37.7293312345, -122.501928322)"
693,HERBST,Skyline,SE part of zoo,0,E, ,767-00100,03/23/2011 12:00:00 AM +0000,"(37.7298108341, -122.502189422)"
694,SLOAT BLVD,46th Ave,S side of median,0,N, ,765-27610,03/23/2011 12:00:00 AM +0000,"(37.7354450344, -122.504030623)"
695,BERRY ST,4th St,SE corner of intersection,0,SE, ,339-01650,03/23/2011 12:00:00 AM +0000,"(37.7762998464, -122.392580211)"
696,CALIFORNIA ST,Presidio,NE corner of intersection,0,N, ,350-31230,03/23/2011 12:00:00 AM +0000,"(37.787429543, -122.446166021)"
697,STEVENSON ST,6th St,E side of intersection,0,SE, ,661-04950,03/23/2011 12:00:00 AM +0000,"(37.7818529454, -122.409538215)"
698,HERBST,Skyline,SE part of zoo,0,E, ,767-00080,03/23/2011 12:00:00 AM +0000,"(37.7299103346, -122.502262822)"
699,EDDY ST,Gough,SE corner of intersection,0,S, ,400-09390,03/23/2011 12:00:00 AM +0000,"(37.7824585443, -122.423872916)"
700,ANZA ST,9th Ave,NW corner of intersection,0,N, ,307-18020,03/23/2011 12:00:00 AM +0000,"(37.7790128408, -122.467515823)"
702,SLOAT BLVD,46th Ave,S side of median,0,s, ,765-27590,03/23/2011 12:00:00 AM +0000,"(37.7354450345, -122.504150624)"
703,SLOAT BLVD,46th Ave,S side of Sloat,0,S, ,765-27990,03/23/2011 12:00:00 AM +0000,"(37.7352809338, -122.504202023)"
704,MISSION ST,Cesar Chavez,SW corner of intersection,0,W, ,568-31040,03/23/2011 12:00:00 AM +0000,"(37.7479191417, -122.418508812)"
705,TELEGRAPH HILL BLVD,Greenwich,SW corner of intersection,0,W, ,789-02580,03/23/2011 12:00:00 AM +0000,"(37.8026930476, -122.405977916)"
706,FUNSTON AVE,Lake,NW corner of intersection,0,W, ,762-00130,03/23/2011 12:00:00 AM +0000,"(37.7864616413, -122.472276624)"
707,GEARY BLVD,30th Ave,SE corner of intersection,0,S, ,440-65290,03/23/2011 12:00:00 AM +0000,"(37.7797297391, -122.489922526)"
708,RANDOLPH ST,Ramsell,SE corner of intersection,0,S, ,778-03230,03/23/2011 12:00:00 AM +0000,"(37.7142100356, -122.465961415)"
709,32ND AVE,Geary,SE corner of intersection,0,E, ,132-05480,03/23/2011 12:00:00 AM +0000,"(37.7787770394, -122.492107827)"
710,DIAMOND HEIGHTS BLVD,Safira,NE corner of intersection,0,E, ,775-51650,03/23/2011 12:00:00 AM +0000,"(37.7464732395, -122.440044314)"
711,SLOAT BLVD,46th Ave,S side of Sloat,0,S, ,765-27890,03/23/2011 12:00:00 AM +0000,"(37.7352825352, -122.503919623)"
713,DIAMOND HEIGHTS BLVD,Safira,NE corner of intersection,0,E, ,775-51610,03/23/2011 12:00:00 AM +0000,"(37.7466629401, -122.440059714)"
714,10TH ST,Market,SW side of intersection,0,W, ,210-00020,03/23/2011 12:00:00 AM +0000,"(37.776325245, -122.417382115)"
715,MOSCOW ST,Italy,SE corner of intersection,0,E, ,780-07950,03/23/2011 12:00:00 AM +0000,"(37.7150025006, -122.432303844)"
716,PARKER AVE,Turk,SW corner of intersection,0,W, ,609-06010,03/23/2011 12:00:00 AM +0000,"(37.7776559424, -122.453462021)"
717,NOE ST,24th St,NE corner of intersection,0,E, ,583-10710,03/23/2011 12:00:00 AM +0000,"(37.751595241, -122.431822714)"
720,20TH ST,Valencia,NW corner of intersection,0,N, ,220-36040,03/23/2011 12:00:00 AM +0000,"(37.7585335428, -122.421561315)"
721,24TH ST,Lilac,SE corner of intersection,0,S, ,901-00020,03/23/2011 12:00:00 AM +0000,"(37.7521781428, -122.417774013)"
722,POINT LOBOS AVE,43rd AVe,SE corner of intersection,0,S, ,763-00400,03/23/2011 12:00:00 AM +0000,"(37.7795401389, -122.503764128)"
723,GOLDEN GATE AVE,Parker,SE corner of intersection,0,S, ,442-25370,03/23/2011 12:00:00 AM +0000,"(37.7768211421, -122.452985221)"
724,BURKE AVE,3rd St,NE corner of intersection,0,N, ,797-15020,03/23/2011 12:00:00 AM +0000,"(37.7439245442, -122.384941506)"
725,HENRY ADAMS ST,15th St,NE corner of intersection,0,E, ,526-01790,03/23/2011 12:00:00 AM +0000,"(37.7674276443, -122.403706212)"
726,HERBST,Skyline,SE part of zoo,0,E, ,767-00180,03/23/2011 12:00:00 AM +0000,"(37.7294465347, -122.501978923)"
727,BEALE ST,Bryant,SE corner of intersection,0,NE, ,816-05610,03/23/2011 12:00:00 AM +0000,"(37.7855530476, -122.388675713)"
728,BEALE ST,Bryant,SE corner of intersection,0,NE, ,816-05590,03/23/2011 12:00:00 AM +0000,"(37.7855805474, -122.388710012)"
729,BEALE ST,Bryant,SE corner of intersection,0,NE, ,816-05570,03/23/2011 12:00:00 AM +0000,"(37.785605347, -122.388741111)"
730,OCEAN AVE,Lee,NE corner of intersection,0,N, ,924-00220,03/23/2011 12:00:00 AM +0000,"(37.7235618952, -122.453930184)"
731,THE EMBARCADERO,Pier Three,NE side of intersection,0,E, ,830-03230,03/23/2011 12:00:00 AM +0000,"(37.7980562478, -122.396316414)"
732,BERRY ST,6th St,SE corner of intersection,0,E, ,339-04250,03/23/2011 12:00:00 AM +0000,"(37.771699122, -122.398437188)"
733,291 19th St, ,19' to 41' south of the north property line,22,S, , ,,"(37.7604918336, -122.387683891)"
1281,Arguello Boulevard & Geary Boulevard,Geary Boulevard,from 8 feet to 29 feet south of Geary Boulevard (enacted 6/4/2013),21,West,,,,"(37.7810456206, -122.458978838)"
1282,465 Dolores St,18th Street,from 139 feet to 161 feet north of 181h Street crosswalk. 3 (enacted 7/18/2013),22,West,,,,"(37.7619002935, -122.42627827)"
1283,Shotwell St. & 24th Street,24th Street,from 5 feet north of 24th  Street to 27 feet northerly (enacted 8/20/2013),22,East,,,,"(37.752641738, -122.415159051)"
1284,2199 Broadway St.,Webster Street,from 0 feet to 20 feet east of Webster Street (enacted 9/17/2013),20,south,,,,"(37.7944379683, -122.433071727)"
1285,Bay Street & Webster Street,Webster Street,from 29 feet to 54 feet east of Webster Street (enacted 11/5/2013),25,south,,,,"(37.8027997916, -122.434707947)"
1286,Bay Street & Buchanan Street,Buchanan Street,from Buchanan Street to 20 feet easterly (enacted 11/5/2013),20,south,,,,"(37.8030238726, -122.433183917)"
1287,Laguna Street & Bay Street,Bay Street, from 10 feet to 30 feet south of Bay Street (enacted 11/5/2013),20,west,,,,"(37.8031532585, -122.431716555)"
1288,1500 Pine St.,Polk Street,5' to 25' west of Polk St. (enacted 1/7/2014),20,North,,,,"(37.7896686582, -122.4207617)"
1289,21 Buckingham Way,19th Ave,from 0 to 20 ft. east of ramp (enacted 2/18/2014),20,South,,,,"(37.7255163307, -122.475662227)"
1290,801 Moscow St.,Italy Ave,0 to 18 ' north of south crosswalk (enacted 2/18/2014),18,East,,,,"(37.7150316436, -122.432281816)"
1291,200 Drumm,Washington Street,from 20 feet to 42 feet south of Washington Street (enacted 4/1/2014),22,West,,,,"(37.7961591088, -122.397044684)"
1292,200 Washington St.,,from 0 feet to 20 feet east of metered stall #4 (enacted 4/1/2014),20,N,,720-02040,,"(37.7962307304, -122.398372343)"
1293,700 Montgomery,Washington Street,from 16 feet to 42 feet north of Washington Street (enacted 4/1/2014 and 9/2/2014),26,East,,,,"(37.7956614346, -122.403278659)"
1294,800 Brannan St.,7th Street,from 10 feet to 28 feet west of 7th Street (enacted 4/1/2014),18,North,,,,"(37.7730076233, -122.403439408)"
1295,600 Harrison,Hawthorne Street,from 12 feet to 34 feet west of Hawthorne Street (enacted 4/1/2014),22,North,,,,"(37.7834317171, -122.396489503)"
1296,600 Harrison,Vassar Place,from 4 feet to 25 feet east of Vassar Place (enacted 4/1/2014),21,South,,,,"(37.7839164614, -122.395630604)"
1297,0 South Park Ave.,2nd Street,from 2 feet to 11 feet west of 2nd Street (enacted 4/1/2014),9,North,,,,"(37.7824740324, -122.392997394)"
1298,100 New Montgomery,Minna Street,"west side, from 2 feet to 22 feet south of Minna Street (enacted 4/1/2014)",20,West,,,,"(37.7869545012, -122.399998983)"
1299,0 Lapu-Lapu,Harrison Street,from 5 feet to 23 feet west of Harrison Street (enacted 4/1/2014),18,North,,,,"(37.7818542328, -122.398410621)"
1300,0 Lapu-Lapu,Rizal Street,from 4 feet to 24 feet east of Rizal Street (enacted 4/1/2014),20,South,,,,"(37.7821523707, -122.398894252)"
1301,500 Howard,1st Street,from 11 feet to 33 feet south of 1st Street (enacted 4/1/2014),22,West,,,,"(37.7885445074, -122.396165969)"
1302,300 Folsom,Fremont Street,from 12 feet to 31 feet east of Fremont Street (enacted 4/1/2014),19,South,,,,"(37.788013765, -122.393482629)"
1303,650-700 Folsom,3rd Street,from 3 feet to 20 feet east of 3rd Street (enacted 4/1/2014),17,South,,,,"(37.7838408463, -122.398745917)"
1304,500 Harrison,Essex Street,from 3 feet to 21 feet east of Essex Street off ramp (enacted 4/1/2014),18,South,,,,"(37.7853508752, -122.393711886)"
1305,300 3rd St.,Folsom Street,from 4 feet to 24 feet south of Folsom Street (enacted 4/1/2014),20,west,,,,"(37.7836173533, -122.398894463)"
1306,Ortega Street & 40th Avenue,40th Avenue,from 20 feet east of 40th Avenue to 20 feet easterly (enacted 4/15/2014),20,South,,,,"(37.7513352704, -122.498688933)"
1307,1701 Visitacion,,from 5 feet to 39 feet west of crosswalk (enacted 4/15/2014),34,South,,,,"(37.7134885677, -122.415509337)"
1308,400 Cortland,Bennington Street,"from 6 feet to 28 feet east of Bennington Street, removing meter #402 (enacted 5/6/2014)",22,South,,365-04020,,"(37.7391251886, -122.417675835)"
1309,499 Cortland,Bennington Street,"from 6 feet to 28 feet east of Bennington Street, removing meter #402 (enacted 5/6/2014)",22,north,,365-04020,,"(37.7392324817, -122.4176615)"
1310,701 38th Ave,Balboa Street,"from 5 feet to 23 feet south of Balboa Street, replacing meter #701 (enacted 6/24/2014)",18,West,,138-07010,,"(37.7755224215, -122.498471165)"
1311,500 Felton St.,Holyoke Street,from 0 feet to 20 feet west of west crosswalk line at Hollyoke Street. (enacted 8/19/2014),20,North,,,,"(37.7287778142, -122.409680919)"
1312,1035 Chenery,Elk Street,from14 feet to 36 feet east of Elk Street. (enacted 8/19/2014),22,South,,,,"(37.7358208768, -122.439612137)"
1313,Pacific Ave. & Battery Street,Battery Street,from 6 feet to 28 feet west of Battery Street (enacted 9/2/2014),22,North,,,,"(37.7976920511, -122.40105032)"
1314,Montgomery St. & Jackson Street,Jackson Street," Montgomery Street, west side, from 7 feet to 29 feet south of Jackson Street (enacted 9/2/2014)",22,West,,,,"(37.7962596782, -122.403547822)"
1315,Pacific Ave. & Front Street,Front Street," Pacific Avenue, north side, from 13 feet to 35 feet west of Front Street (enacted 9/2/2014)",22,North,,,,"(37.797828218, -122.39996855)"
1316,Jackson St. & Columbus Avenue,Columbus Avenue,"Jackson Street, south side, from 21 feet to 40 feet east of Columbus Avenue (enacted 9/2/2014)",19,South,,,,"(37.7963202787, -122.4040489)"
1317,Pacific Ave. & Montgomery,Montgomery Street,from 12 feet to 34 feet west of Montgomery (enacted 9/2/2014),22,North,,,,"(37.7973382264, -122.403814499)"
1318,11th St. & Folsom Street,Folsom Street,from 5 feet to 30 feet north of Folsom Street (enacted 10/7/2014),25,East,,,,"(37.7720087778, -122.414103611)"
1319,11th St. & Folsom Street,Folsom Street,from 5 feet to 30 feet south of Folsom Street (enacted 10/7/2014),25,West,,,,"(37.7717916814, -122.41396344)"
1320,Ellis St. & Cyril Magnin Street,Cyril Magnin Street,from 9 feet to 31 feet west of Cyril Magnin Street (enacted 10/21/2014),22,North,,,,"(37.7854571602, -122.408853199)"
1321,300 S. Van Ness Ave.,14th Street,from 12 feet to 30 feet south of 14th Street (enacted 11/4/2014),18,West,,,,"(37.768228006, -122.417904384)"
1322,1600 Palou Ave.,3rd Street,from 20 feet to 40 feet west of 3rd Street (enacted 11/4/2014),20,North,,,,"(37.7342514568, -122.391247055)"
1323,2400 Clement St.,25th Avenue,from 30 feet to 42 feet west of 25th Avenue (enacted 11/4/2014),12,North,,,,"(37.7820860461, -122.485176847)"
1324,Van Ness Ave. & McAllister Street,McAllister Street,from 274 feet to 294 feet south of McAllister Street (enacted 11/18/2014),20,East,,,,"(37.7792351764, -122.419953164)"
1325,Van Ness Ave. & Golden Gate Avenue,Golden Gate Avenue,from 30 feet to 80 feet south of Golden Gate Avenue (enacted 11/18/2014),50,West,,,,"(37.7807819406, -122.420578359)"
1326,Green Street & Columbus Avenue,Columbus Avenue,from Columbus Avenue to 18 feet westerly (enacted 11/18/2014),18,North,,,,"(37.7995289731, -122.409389079)"
1327,Stockton Street & Union Street,Union Street,from 23 feet to 41 feet south of Union Street. (enacted 11/18/2014),18,West,,,,"(37.8002016897, -122.409223695)"
1328,Haight Street & Clayton Street,Clayton Street,from 100 feet to 122 feet east of Clayton St (enacted 11/18/2014),22,South,,,,"(37.769807941, -122.448100286)"
1329,4th Street & Mission Bay Boulevard South,Mission Bay Boulevard South,from 12 feet to 32 feet south of Mission Bay Boulevard South (enacted 1/6/2015),20,West,,,,"(37.7704608968, -122.391272839)"
1330,4th Street & Mission Bay Boulevard North,Mission Bay Boulevard North,from 3 feet to 23 feet north of Mission Bay Boulevard North (enacted 1/6/2015),20,East,,,,"(37.7711122008, -122.391177712)"
1331,Mission Bay Blvd. South & 3rd Street,3rd Stret,from 11 feet to 33 feet east of 3rd Street (enacted 1/6/2015),22,South,,,,"(37.7706395912, -122.389224401)"
1332,23rd Ave. & Irving Street,Irving Street,from 22 feet to 42 feet south of Irving St. (enacted 3/3/2015),20,West,,,,"(37.7631837621, -122.481488965)"
1333,McAllister Street & Polk Street,Polk Street,from 17 feet to 45 feet east of Polk Street (enacted 3/3/2015),28,North,,,,"(37.7804094169, -122.418387128)"
1334,Elm Street & Van Ness Avenue,Van Ness Avenue,from 14 feet to 40 feet east of Van Ness Avenue (enacted 3/3/2015),26,North,,,,"(37.7815750693, -122.420248861)"
1335,Turk Street & Polk Street,Polk Street,from 10 feet to 36 feet east of Polk Street (enacted 3/3/2015),26,North,,,,"(37.7822783284, -122.418762822)"
1336,Turk Street & Polk Street,Polk Street,from 5 feet to 25 feet west of Polk Street (enacted 3/3/2015),20,North,,,,"(37.782212097, -122.419257431)"
1337,Ellis St. & Polk Street,Polk Street,from 5 feet to 27 feet east of Polk Street (enacted 3/3/2015),22,South,,,,"(37.7840061731, -122.419215626)"
1338,Ellis St. & Polk Street,Polk Street,from 12 feet to 31 feet west of Polk Street (enacted 3/3/2015),18,South,,,,"(37.783953644, -122.419630081)"
1339,Ellis St. & Polk Street,Polk Street,from Polk Street to 20 feet westerly (enacted 3/3/2015),20,North,,,,"(37.7840819848, -122.419597345)"
1340,Olive Street & Van Ness Avenue,Van Ness Avenue,from 6 feet to 24 feet east of Van Ness Avenue (enacted 3/3/2015),18,South,,,,"(37.7843143051, -122.420813528)"
1341,O'Farrell Street & Polk Street,Polk Street,from 4 feet to 24 feet east of Polk Street (white zone) (enacted 3/3/2015),20,South,,,,"(37.7849327768, -122.419355928)"
1342,O'Farrell Street & Van Ness Avenue,Van Ness Avenue,from Van Ness Avenue to 20 feet easterly (enacted 3/3/2015 and 4/7/2015),20,South,,,,"(37.7847464042, -122.420917452)"
1343,Post Street & Polk Street,Polk Street,from 25 feet to 51 feet west of Polk Street (enacted 3/3/2015),26,South,,,,"(37.786723674, -122.420208761)"
1345,Fern Street & Polk Street,Polk Street,from 4 feet to 30 feet west of Polk Street (enacted 3/3/2015),26,South,,,,"(37.7881807764, -122.420407524)"
1347,100 Austin Street,Van Ness Avenue,from 9 feet to 27 feet east of Van Ness Avenue (100 Block) (enacted 3/3/2015),18,South,,,,"(37.7891254577, -122.420599608)"
1348,Bush Street & Polk Street,Polk Street,from 32 feet to 62 feet east of Polk Street (enacted 3/3/2015),30,South,,,,"(37.7885414173, -122.420229363)"
1349,Bush Street & Van Ness Avenue,Van Ness Avenue,from 15 feet to 35 feet east of Van Ness Avenue (enacted 3/3/2015),20,South,,,,"(37.7884833205, -122.421555889)"
1350,Pine St. & Polk Street,Polk Street,from 22 feet to 47 feet west of Polk Street (enacted 3/3/2015),25,North,,,,"(37.7896517316, -122.420879918)"
1352,Polk Street & Clay Street,Clay Street,from 7 feet to 25 feet north of Clay Street (enacted 3/3/2015),18,East,,,,"(37.7926120151, -122.421049346)"
1354,Washington St. & Van Ness Avenue,Van Ness Avenue,from 13 feet to 35 feet east of Van Ness Avenue (enacted 3/3/2015),22,North,,,,"(37.7931776315, -122.42248946)"
1356,Polk Street & Jackson Street,Jackson Street,from 7 feet to 29 feet south of Jackson Street (enacted 3/3/2015),22,West,,,,"(37.7939632289, -122.421472866)"
1357,Jackson St. & Polk Street,Polk Street,from Polk Street to 20 feet westerly (enacted 3/3/2015),20,North,,,,"(37.7941838639, -122.421651353)"
1358,Polk Street & Pacfiic Avenue,Pacific Avenue,from 17 feet to 35 feet south of Pacific Avenue (enacted 3/3/2015),18,West,,,,"(37.7947919453, -122.421639333)"
1359,Broadway & Polk Street,Polk Street,from 20 feet to 46 feet west of Polk Street (enacted 3/3/2015),26,South,,,,"(37.7957978667, -122.422358888)"
1360,Broadway & Polk Street,Polk Street,from 20 feet to 46 feet east of Polk Street (enacted 3/3/2015),26,North,,,,"(37.7960752829, -122.421577279)"
1361,Broadway & Larkin Street,Larkin Street,from Larkin Street to 26 feet westerly (enacted 3/3/2015),26,North,,,,"(37.7962246309, -122.420310029)"
1362,Vallejo & Larkin Street,Larkin Street,from 10 feet to 30 feet west of Larkin Street (enacted 3/3/2015),20,North,,,,"(37.7971460759, -122.420545791)"
1363,Green Street & Van Ness Avenue,Van Ness Avenue,from Van Ness Avenue to 20 feet easterly (yellow zone) (enacted 3/3/2015),20,South,,,,"(37.797604486, -122.423535294)"
1364,Green Street & Polk Street,Polk Street,from 38 feet to 58 feet west of Polk Street (enacted 3/3/2015),20,North,,,,"(37.7978534311, -122.422472619)"
1365,899 Tennessee Street,20th Street,from 14 feet to 34 feet north of 20th Street. (enacted 4/7/2015),20,East,,,,"(37.7606323478, -122.389438999)"
1366,597 Hayes Street,Laguna Street,from 6 feet to 26 feet east of Laguna Street (enacted 5/19/2015),20,South,,,,"(37.7764406722, -122.426054342)"
1367,9th Street & Division Street,Division Street,from Division Street to 20 feet northerly (enacted 6/16/2015),20,East,,,,"(37.7697574301, -122.406459962)"
1368,9th Street & Brannan Street,Brannan Street,from Brannan Street to 34 feet southerly. (enacted 6/16/2015),34,West,,,,"(37.7698795152, -122.406956936)"
1369,McAllister Street & Charles J Brenham Place,Charles J Brenham Place,from 19 feet to 38 feet east of Charles J Brenham Place (enacted 6/16/2015),19,South,,,,"(37.780983899, -122.412899508)"
1370,O'Farrell Street & Stockton Street,Stockton Street,from 15 feet to 37 feet east of Stockton Street (enacted 6/16/2015),22,South,,,,"(37.7866323218, -122.406036836)"
1371,20th Ave. & Eucalyptus Drive,Eucalyptus Drive,from 83 feet to 105 feet south of Eucalyptus Drive (enacted 7/7/2015),22,West,,,,"(37.7307583984, -122.476020512)"
1372,599 Irving St.,7th Avenue,from 7th Avenue to 20 feet easterly (enacted 8/18/2015),20,South,,,,"(37.7640728994, -122.464037346)"
1373,2nd St. & Townsend Street,Townsend Street,from 15 feet to 35 feet south of Townsend Street (enacted 8/18/2015),20,West,,,,"(37.7804078092, -122.390424751)"
1374,Minna St. & 2nd Street,2nd Street,from 32 feet to 53 feet west of 2nd Street (enacted 8/18/2015),21,North,,,,"(37.7873943037, -122.399571809)"
1375,Harrison St. & 2nd Street,2nd Street,from 40 feet to 60 feet west of 2nd Street (enacted 8/18/2015),20,North,,,,"(37.7842553866, -122.395418297)"
1376,Parnassus Ave & 3rd Avenue,3rd Avenue,from 377 feet to 451 feet east of 3rd Avenue (enacted 9/1/2015),74,South,,,,"(37.763310901, -122.458391978)"
1377,Battery St & Broadway,Broadway Street,from Broadway to 30 feet northerly (enacted 9/1/2015),30,East,,,,"(37.7987596244, -122.401029914)"
1378,Battery St & Broadway,Broadway Street,from Broadway to 30 feet northerly (enacted 9/1/2015),30,West,,,,"(37.7987450923, -122.401191812)"
1379,1800 Taraval St,28th Avenue,from 3 feet to 21 feet west of 28th Avenue (enacted 9/1/2015),18,North,,,,"(37.7427136482, -122.485521183)"
1380,12th Street & Market Street,Market Street,from 3 feet to 12 feet south of Market St (enacted 9/15/2015),9,West,,,,"(37.774184529, -122.420136695)"
1381,Fell St. & Van Ness Avenue,Van Ness Ave,from 20 feet to 41 feet west of Van Ness Ave (enacted 9/15/2015),21,North,,,,"(37.776398589, -122.419901672)"
1382,Golden Gate Ave. & Van Ness Avenue,Van Ness Ave,from Van Ness to 18 feet easterly (enacted 9/15/2015),18,South,,,,"(37.7810098117, -122.420180923)"
1383,Eddy St. & Van Ness Avenue,Van Ness Ave,from 5 feet to 27 feet west of Van Ness Ave (enacted 9/15/2015),22,South,,,,"(37.7828108741, -122.421120865)"
1384,Hemlock St. & Van Ness Avenue,Van Ness Ave,from 5 feet to 25 feet east of Van Ness Ave (enacted 9/15/2015),20,South,,,,"(37.7870939082, -122.421380086)"
1385,Broadway St. & Van Ness Avenue,Van Ness Ave,from Van Ness Ave to 18 feet westerly (enacted 9/15/2015),18,North,,,,"(37.7957907215, -122.423731781)"
1386,2099 37th Ave.,Quintara Street,from 0 feet to 22 feet south of north crosswalk at Quintara Street (enacted 10/20/2015),22,West,,,,"(37.7477507514, -122.495463342)"
1387,2 Rhode Island Street,Division Street,"from 63 feet to 83 feet south of Division Street, within 5-foot sidewalk bulb-in (enacted 10/20/2015)",20,West,,,,"(37.7695201461, -122.403128583)"
1388,1 Henry Adams Street,Alameda Street,from 36 feet to 64 feet north of Alameda Street (enacted 10/20/2015),28,East,,,,"(37.7688113126, -122.403861404)"
1389,3884 20th Street,,from 11 feet to 35 east of J-Church Light Rail right-of-way (enacted 10/20/2015),24,North,,,,"(37.7581705935, -122.42769147)"
1390,Union Street & Battery Street,Battery Street,from Battery Street to 18 feet westerly (enacted 11/14/2015),18,South,,,,"(37.8013234823, -122.40181041)"
1391,Polk St. & Lech Walesa,Dr Tom Waddell Place,"Polk Street, west side, from Lech Walesa to 20 feet southerly (enacted 9/3/2013)",20,west,,,,"(37.7778911119, -122.418215693)"
1392,Fell Street & Gough Street,Gough Street,from 29 to 49 feet east of Gough Street. (enacted 10/15/2013),20,south,,,,"(37.7759266869, -122.422536662)"
1601,100 Grant,Geary Street,from 13 feet to 35 feet north of Geary Street (enacted 4/1/2014 and 6/16/2016),22,East,,,,"(37.7878776288, -122.405011484)"
1602,Washington St. & Battery Street,Battery Street," Washington Street, south side, from Battery Street to 24 feet westerly (enacted 9/2/2014)",24,South,,,,"(37.79577994, -122.400712243)"
1603,Van Ness Ave. & McAllister Street,McAllister Street,from 112 feet to 132 feet south of McAllister Street (enacted 11/18/2014),20,West,,,,"(37.7797312393, -122.420408664)"
1604,Haight Street & Belvedere Street,Belvedere Street,from 23 feet to 43 feet east of Belvedere Street (enacted 11/18/2014),20,South,,,,"(37.7696424699, -122.449400005)"
1605,22nd Ave. & Irving Street,Irving Street,from 22 feet to 42 feet south of Irving Street (enacted 3/3/2015),20,West,,,,"(37.7632332925, -122.480420124)"
1606,Ellis St. & Cyril Magnin Street,Cyril Magnin Street,from Cyril Magnin Street to 18 feet easterly (enacted 6/16/2015),18,South,,,,"(37.7853999067, -122.408589736)"
1921,Wisconsin St,Coral Road,"From 78' to 98' south of Coral Rd. (enacted 1/7/2014, relocated)",20,West,,,,"(37.7535254818, -122.398659462)"
1922,Ocean Ave,Mission St,"From Mission St., 35' to 55 ' westerly (enacted 2/18/2014, relocated)",20,N,,,,"(37.7239569826, -122.435659083)"
1923,17th Street,Hampshire St,"From Hampshire st. to 18 ft. Westerly (enacted 3/4/2014, relocated)",18,,,,,"(37.7644789432, -122.40862444)"
1924,Herbst Road,Armory Drive,"from 242 feet to 251 feet east of Armory Drive (enacted 4/1/2014, relocated)",9,S,,,,"(37.730540328, -122.501708869)"
1925,Herbst Road,Armory Drive,"Herbst Road, south side, from 288 feet to 297 feet east of Armory Drive (enacted 4/1/2014, relocated)",9,,,,,"(37.7306014381, -122.501564603)"
2241,19th Avenue,Eucalyptus Drive,from 83 feet to 105 feet south of Eucalyptus Drive (enacted 7/7/2015),23,West,,,,"(37.7307337348, -122.474994183)"
2242,100 Channel Street,4th Street,from 4 feet to 26 west of 4th St. (enacted 1/5/2016),22,N,,,,"(37.774353186, -122.391782305)"
2243,Dolores Street & 18th Street,18th Street,from 60 feet to 80 feet south of 18th St. (enacted 1/5/2016),20,W,,,,"(37.7611515707, -122.426203016)"
2244,Chestnut Street & Webster Street,Webster Street,"from 25 feet to 45 feet west of Webster Street
",20,N,,,,"(37.8010649017, -122.434842228)"
2245,16th Street & Caledonia Street,Caledonia Street,Caledonia Street to 22 feet westerly (enacted 1/19/2016),22,N,,,,"(37.7650109828, -122.42146382)"
2246,Capp Street & 16th Street,16th Street,from 18 feet to 38 feet north of 16th Street (enacted 1/19/2016),20,E,,,,"(37.7653606196, -122.418551786)"
2247,Capp Street & 16th Street,16th Street,from 18 feet to 38 feet south of 16th Street (enacted 1/19/2016),20,W,,,,"(37.7648873116, -122.418770843)"
2248,Valencia Street & 15th Street,15th Street,from 21 feet to 43 feet south of 15th Street (enacted 1/19/2016),22,W,,,,"(37.7662716198, -122.422147872)"
2249,South Van Ness Ave & 16th Street,16th Street,from 16th Street 20 feet southerly (enacted 1/19/2016),20,W,,,,"(37.7650164902, -122.417599208)"
2250,South Van Ness Avenue & 16th Street,16th Street,from 16th Street 20 feet northerly (enacted 1/19/2016),20,E,,,,"(37.765341239, -122.417424368)"
2251,Potrero Ave & 15th Street,15th Street,from 10 feet to 30 feet south of 15th Street (enacted 1/19/2016),20,W,,,,"(37.7668996174, -122.407822484)"
2252,San Bruno Avenue and 16th Street,16th Street,from 18 feet to 38 feet north of 16th Street (enacted 1/19/2016),20,E,,,,"(37.7661112653, -122.405539082)"
2253,1799 Palou Avenue,Phelps Street,from 0 feet to 22 feet east of the west unmarked crosswalk at Phelps Street. (enacted 2/2/2016),22,S,,,,"(37.7360478335, -122.394719698)"
2254,189 Oak Street,Gough Street,from 24 feet to 48 feet east of Gough Street (enacted 3/1/2016),24,S,,,,"(37.7750121407, -122.422218122)"
2255,685 Lyon Street,McAllister Street,from 15 feet to 35 feet south of McAllister Street (enacted 3/1/2016),20,W,,,,"(37.7770225271, -122.443380889)"
2256,Eddy Street & Polk Street,Polk Street,from 3 feet to 24 feet west of Polk Street (3/1/2016),21,N,,,,"(37.7831451545, -122.419432002)"
2561,Turk Street & Larkin Street,Larkin Street,from 30 feet to 50 feet west of Larkin Street (enacted 3/1/2016),20,N,,,,"(37.7824187626, -122.41761913)"
2562,Ellis Street & Larkin Street,Larkin Street,from 11 feet to 34 feet west of Larkin Street (enacted 3/1/2016),23,N,,,,"(37.7842827868, -122.417999858)"
2563,California Street & Polk Street,Polk Street,from 45 feet to 65 feet east of Polk St (enacted 3/1/2016),20,S,,,,"(37.7905482491, -122.420318098)"
2564,Vallejo Street & Polk Street,Polk Street,from Polk St to 20 feet easterly (enacted 3/1/2016),20,S,,,,"(37.7968633031, -122.421841054)"
2565,Fillmore Street and Moulton Street,Moulton Street,from 4 feet to 28 feet south of Moulton St (enacted 3/15/2016),24,W,,,,"(37.7993357254, -122.436035754)"
2566,Folsom Street & Mabini Street,Mabini Street,from 24 feet to 46 feet east of Mabini St (enacted 4/5/2016),20,S,,,,"(37.7827218702, -122.400158732)"
2567,Kearny Street and Jackon Street,Jackon Street,from 3 to 24 north of Jackson St. (enacted 4/5/2016),21,E,,,,"(37.7963270487, -122.405105148)"
2568,815 Bryant Street,Harriet Street,"from 15 feet to 35 feet east of Harriet Street, removing parking meter stall #813G. (enacted 4/19/216)",20,S,,331-08130,,"(37.7756237022, -122.402940594)"
2569,Bryant Street & Gilbert Street,Gilbert Street,"from 13 feet to 33 feet east of Harriet Street, removing parking meter stall #857G (4/19/2016)",20,S,,331-08570,,"(37.7747407721, -122.404080898)"
2570,Golden Gate Avenue & Laguna Street,Laguna Street,from 15 feet to 37 east of Laguna Street (enacted 6/7/2016),22,S,,,,"(37.7801592794, -122.426837903)"
2571,301 9th Avenue,Clement Street,"301 9th Avenue, west side, from 10 feet to 32 feet south of Clement Street, replacing metered parking stall #301(22-foot zone). (enacted 8/16/2016) ",22,W,,109-03010,,"(37.7826563291, -122.467712125)"
2572,3 Daggett Street,7th Street,"3 Daggett Street, south side, from 19 feet to 39 feet west of 7th Street (20-foot zone). (enacted 9/6/2016)",20,S,,,,"(37.7670492802, -122.395910952)"
2573,995 Page Street,Divisadero Street,"995 Page Street, south side, from Divisadero Street to 20 feet easterly (20-foot zone). (enacted 9/6/2016)",20,S,,,,"(37.772182044, -122.437063608)"
2574,Folsom Street and Essex Street,Essex Street,"Folsom Street, south side, from 61 to 82 east of Essex Street (enacted 9/6/2016)",21,S,,,,"(37.7865316745, -122.395403653)"
2575,Folsom Street and Embarcadero,Embarcadero,"Folsom Street, north side, from 38 to 56 west of the Embarcadero (enacted 9/6/2016)",18,N,,,,"(37.7906376529, -122.39044088)"
2576,Fremont Street & Folsom Street,Folsom Street,"Fremont Street, west side, from 28 to 48 south of Folsom Street (enacted 9/6/2016)",20,W,,,,"(37.7878128798, -122.393528533)"
2881,Beale Street & Folsom Street,Folsom Street,"Beale Street, west side, from 33 to 53 south of Folsom Street (enacted 9/6/2016)",20,W,,,,"(37.7884576982, -122.392606595)"
2882,Main Street & Folsom Street,Folsom Street,"Main Street, west side, from 45 to 65 south of Folsom Street. (9/6/2016)",20,W,,,,"(37.7890907273, -122.39163484)"
